Store,StoreType,Assortment,CompetitionDistance,CompetitionOpen,CompetitionOpen_missing,Promo2,Promo2OpenSinceMonths,Store_avg_sales,Store_avg_customers
1097,b,b,720.0,130.0,0,0,0.0,9663.3314415437,2405.215664018161
494,b,other,1260.0,19.0,0,0,0.0,7641.564131668559,1081.6049943246312
733,b,b,860.0,159.0,0,0,0.0,14925.927355278092,3400.244040862656
682,b,other,150.0,76.0,0,0,0.0,11183.208853575483,1756.0544835414303
676,b,b,1410.0,52.0,0,0,0.0,7550.500583430572,1659.1131855309218
562,b,other,1210.0,0.0,1,0,0.0,17995.83427922815,3108.192962542565
530,a,other,18160.0,0.0,1,0,0.0,4501.527810650888,726.8449704142012
512,b,b,590.0,0.0,1,1,0.0,5415.337719298245,1268.1973684210527
769,b,b,840.0,0.0,1,1,0.25,10724.94551645857,3057.018161180477
423,b,other,1270.0,0.0,0,0,0.0,10747.385925085131,1872.9353007945517
353,b,b,900.0,0.0,1,1,0.0,5559.788505747127,1428.1264367816093
335,b,other,90.0,0.0,1,1,0.0,13262.189557321226,2388.8524404086265
274,b,b,3640.0,0.0,1,1,0.0,3959.5430539609642,972.5878300803674
262,b,other,1180.0,0.0,0,0,0.0,20695.578887627697,3402.395005675369
259,b,b,210.0,0.0,1,0,0.0,11547.419058553387,2347.3719862227326
85,b,other,1870.0,15.0,0,0,0.0,7260.399545970488,1016.66628830874
948,b,b,1430.0,0.0,1,0,0.0,6829.069204152249,1684.1776239907729
1102,a,other,850.0,2.0,0,1,0.0,7005.475438596492,709.3298245614035
1103,d,other,1340.0,75.0,0,1,0.0,4951.462277091907,381.9807956104252
1104,d,other,260.0,11.0,0,1,20.75,5452.133333333333,431.58245614035087
1105,c,other,330.0,50.0,0,1,0.0,4511.104539202201,506.9188445667125
1106,a,other,5330.0,16.0,0,1,0.0,4879.544459644323,557.8932968536252
1107,a,other,1400.0,7.0,0,1,33.0,6207.015761821366,669.3467600700525
1111,a,other,1900.0,0.0,0,1,0.0,5279.451169188445,455.6822558459422
1109,c,other,3490.0,21.0,0,1,6.75,4922.373684210526,452.6982456140351
1110,c,other,900.0,28.0,0,0,0.0,4520.365753424658,540.8493150684932
1112,c,other,1880.0,81.0,0,0,0.0,10307.116918844567,846.4951856946354
1113,a,other,9260.0,0.0,1,0,0.0,6631.4268125855,720.2106703146375
558,a,other,3000.0,35.0,0,0,0.0,3235.5718194254446,453.91792065663475
1101,d,other,4060.0,4.0,0,0,0.0,9943.015047879617,989.077975376197
1108,a,other,540.0,105.0,0,0,0.0,5725.231086657496,591.525447042641
1100,a,other,540.0,0.0,1,1,20.75,5420.461752433936,672.3018080667593
1083,d,other,11540.0,0.0,1,1,0.0,5098.16049382716,358.3141289437586
1085,c,other,4030.0,0.0,0,0,0.0,7592.448700410397,763.9480164158687
1086,a,other,180.0,0.0,0,1,19.75,7791.224965706448,850.3991769547325
1087,d,other,2210.0,14.0,0,0,0.0,6250.789329685363,614.1983584131327
1088,a,other,4300.0,46.0,0,1,0.0,5074.37689133425,485.9697386519945
1089,d,other,5220.0,44.0,0,0,0.0,10119.319119669875,1003.3039889958734
1090,a,other,330.0,0.0,1,1,20.75,6438.524071526823,786.0522696011004
1115,d,other,5350.0,0.0,1,1,6.75,6241.562414266118,430.0192043895748
1091,a,other,9990.0,0.0,1,0,0.0,8244.229822161422,696.530779753762
1093,c,other,10450.0,43.0,0,0,0.0,8321.507565337002,870.9779917469051
1094,d,other,2380.0,0.0,0,1,0.0,4534.629824561403,373.0859649122807
1095,a,other,690.0,67.0,0,1,20.75,4782.0,678.0521262002743
1096,a,other,1130.0,0.0,1,1,0.0,5415.063273727648,632.8101788170563
1098,a,other,1830.0,98.0,0,0,0.0,5254.191196698762,711.837689133425
1099,a,other,200.0,0.0,0,1,0.0,7708.774038461538,973.75
1084,a,other,190.0,0.0,1,1,33.0,6268.454794520548,809.4972602739726
1057,d,other,3230.0,14.0,0,0,0.0,6435.08755129959,643.155950752394
1048,d,other,1860.0,4.0,0,1,2.25,6836.143835616438,529.8506849315069
1078,d,other,670.0,0.0,1,1,14.25,6749.56,520.7889655172414
1077,a,other,3750.0,134.0,0,1,27.5,4485.680880330124,497.0770288858322
1076,a,other,90.0,0.0,1,1,0.0,3588.2283356258595,544.1980742778542
1075,a,other,1410.0,0.0,0,0,0.0,11467.783857729139,1093.9042407660738
1074,c,other,3330.0,135.0,0,1,20.75,5142.1829436038515,558.7620357634113
1073,a,other,1710.0,0.0,1,1,1.25,7109.470426409904,909.0949105914718
1072,a,other,5380.0,0.0,0,1,35.0,6779.493810178817,640.980742778542
1071,a,other,820.0,10.0,0,1,3.5,6018.154582763338,729.5485636114911
1070,c,other,400.0,51.0,0,0,0.0,7022.225718194254,870.9904240766074
1069,a,other,18050.0,0.0,1,1,20.75,6298.227709190672,797.2578875171467
1068,d,other,5010.0,0.0,1,1,0.0,4424.409655172414,308.8662068965517
1067,d,other,12020.0,42.0,0,0,0.0,5699.726315789474,487.6122807017544
1066,a,other,3350.0,0.0,1,0,0.0,11130.966987620357,1134.9601100412656
1065,a,other,1290.0,0.0,1,1,15.5,4181.207017543859,484.63508771929827
1064,a,other,420.0,0.0,1,0,0.0,9424.947730398899,1070.6946354883082
1063,a,other,6250.0,0.0,1,0,0.0,4254.235294117647,531.4555403556772
1049,a,other,370.0,6.0,0,1,20.75,3993.9333333333334,636.9824561403509
1056,d,other,5350.0,0.0,1,1,2.25,3799.635726795096,363.92994746059543
1062,d,other,190.0,4.0,0,1,2.25,6405.2984869326,594.2214580467676
1061,d,other,8110.0,0.0,1,0,0.0,7294.686896551724,550.711724137931
1060,a,other,3430.0,0.0,1,1,0.0,7318.048143053645,851.8019257221458
1059,c,other,3380.0,0.0,0,0,0.0,8397.807113543091,1155.106703146375
1058,a,other,180.0,0.0,1,1,27.5,7261.284731774415,703.7386519944979
1082,c,other,440.0,129.0,0,0,0.0,7078.585969738652,1043.1072902338376
1092,a,other,300.0,150.0,0,1,0.0,11908.482456140351,1165.2070175438596
1080,a,other,2410.0,0.0,1,1,0.0,10125.59298245614,839.2333333333333
1054,a,other,13190.0,0.0,1,1,0.0,6009.688098495212,617.7948016415869
1053,a,other,1710.0,0.0,0,0,0.0,8945.160054719563,1011.9192886456908
1052,a,other,5080.0,0.0,1,1,0.0,7268.569463548831,760.3012379642366
1051,c,other,200.0,174.0,0,1,12.0,7436.875350140056,1004.4173669467787
1050,d,other,13170.0,0.0,0,1,22.0,7402.322359396433,519.2798353909465
1055,c,other,1980.0,45.0,0,0,0.0,7934.606849315069,993.8287671232877
839,c,other,240.0,0.0,0,0,0.0,5216.262653898769,657.298221614227
1003,a,other,170.0,0.0,0,1,0.0,7405.711141678129,778.4621733149932
1045,a,other,26990.0,0.0,0,0,0.0,7450.47201946472,905.514598540146
1044,c,other,240.0,0.0,0,1,33.0,6656.557241379311,899.7172413793104
1043,c,other,420.0,82.0,0,0,0.0,8843.156808803302,1216.2338376891335
1042,a,other,3440.0,0.0,1,1,0.0,4130.346629986245,549.0453920220083
1041,c,other,1600.0,0.0,0,1,0.0,6095.933333333333,657.2877192982456
1040,a,other,4030.0,0.0,0,1,0.0,8681.960110041266,869.3658872077029
1039,a,other,70.0,271.0,0,1,6.75,8178.802503477052,1041.9151599443671
1038,d,other,17290.0,0.0,0,0,0.0,5890.829824561403,512.9982456140351
1037,a,other,150.0,0.0,1,0,0.0,6937.608516483517,880.0151098901099
1036,d,other,9560.0,0.0,1,1,0.0,4967.426409903714,471.67400275103165
1035,a,other,27150.0,0.0,1,0,0.0,4875.889958734526,579.2132049518569
1034,a,other,13750.0,0.0,0,0,0.0,6509.291609353508,731.735900962861
1033,a,other,7680.0,82.0,0,0,0.0,13826.160054719563,1300.4186046511627
1032,d,other,270.0,0.0,0,1,2.25,9193.470426409904,968.2173314993122
1031,d,other,590.0,140.0,0,0,0.0,4828.50894085282,418.31361760660246
1030,a,other,36410.0,57.0,0,0,0.0,3606.3507565337,332.7042640990371
1029,a,other,1590.0,82.0,0,0,0.0,5411.374140302613,757.283356258597
1028,a,other,150.0,0.0,1,1,0.0,4702.811554332875,547.2847317744154
1021,a,other,1080.0,20.0,0,0,0.0,8822.453277545328,1058.8507670850768
1027,a,other,190.0,55.0,0,1,14.25,13093.021015761822,1661.877408056042
1026,c,other,450.0,19.0,0,1,0.25,9490.821182943604,1183.8762035763411
1025,a,other,720.0,38.0,0,0,0.0,7406.346685082873,865.9654696132596
1024,c,other,1990.0,12.0,0,0,0.0,6141.497948016416,788.7428180574556
1023,c,other,3740.0,131.0,0,1,20.75,6176.36863823934,634.980742778542
1013,a,other,630.0,0.0,0,1,0.0,4012.433287482806,446.45116918844565
1022,a,other,1520.0,0.0,1,0,0.0,7316.37689133425,826.1059147180192
1019,d,other,2740.0,0.0,0,1,33.0,9095.796847635727,757.8213660245184
1018,c,other,140.0,4.0,0,0,0.0,11794.536351165982,1367.5061728395062
1017,c,other,110.0,50.0,0,0,0.0,7253.284916201117,1024.1745810055866
1016,c,other,550.0,0.0,1,1,27.5,5384.299862448418,500.26547455295736
1015,d,other,9910.0,25.0,0,1,22.0,6015.847317744154,492.26822558459423
1014,a,other,210.0,0.0,1,1,0.0,12323.559834938102,1366.8005502063274
1020,a,other,40.0,0.0,0,0,0.0,9050.379972565157,1116.5006858710562
1047,a,other,3750.0,0.0,1,1,37.0,4873.302486187846,526.0511049723757
1011,a,other,490.0,4.0,0,1,19.75,7926.880330123797,953.9339752407153
986,a,other,620.0,0.0,0,1,0.0,6298.086111111111,841.3680555555555
1009,a,other,230.0,102.0,0,1,0.0,4757.201754385965,458.4824561403509
1008,a,other,30.0,28.0,0,0,0.0,5301.549931600547,716.4664842681259
1007,c,other,4180.0,4.0,0,0,0.0,6969.983584131327,816.484268125855
1006,c,other,3890.0,74.0,0,1,0.0,6341.319119669876,866.3672627235213
1005,a,other,6480.0,0.0,1,0,0.0,6195.998624484181,937.6258596973865
1004,d,other,970.0,0.0,1,1,22.0,5114.087719298245,448.9421052631579
1079,a,other,16680.0,0.0,1,1,39.0,8685.40329218107,690.1796982167352
1002,d,other,1130.0,50.0,0,0,0.0,6007.5731874145,714.6429548563611
1001,c,other,19640.0,0.0,1,1,20.75,5383.101508916324,620.9835390946502
1000,a,other,2230.0,44.0,0,1,0.0,7470.010526315789,684.2421052631579
999,d,other,15140.0,131.0,0,1,39.0,9169.47455295736,661.8720770288859
998,a,other,780.0,88.0,0,1,0.0,4291.411034482759,533.6179310344828
997,d,other,5840.0,30.0,0,1,39.0,5160.385459533608,413.47599451303154
996,c,other,2870.0,0.0,0,1,33.0,6451.2801120448175,695.6232492997199
995,d,other,6560.0,0.0,0,0,0.0,9235.708390646492,789.1265474552957
994,a,other,2290.0,18.0,0,1,12.0,4503.288858321871,441.25171939477303
993,d,other,3460.0,0.0,0,1,0.0,7603.554332874828,755.4030261348006
992,a,other,2480.0,270.0,0,0,0.0,5742.104539202201,706.3370013755158
991,a,other,1010.0,0.0,1,0,0.0,5740.381017881706,537.9147180192572
990,d,other,20930.0,0.0,1,0,0.0,6402.105914718019,574.242090784044
989,a,other,1640.0,79.0,0,1,14.25,5219.489473684211,572.8736842105263
988,a,other,30.0,2.0,0,0,0.0,4669.81805745554,717.8372093023256
987,c,other,1690.0,67.0,0,0,0.0,6855.88098495212,870.1326949384405
1046,d,other,29070.0,93.0,0,0,0.0,8659.671251719396,682.8198074277855
985,c,other,490.0,68.0,0,1,33.0,8368.939310344827,774.4468965517242
984,c,other,440.0,0.0,1,1,0.0,6041.734806629835,740.6961325966851
983,a,other,40.0,0.0,0,1,0.0,10377.292243767313,1399.4709141274238
982,d,other,21930.0,0.0,1,0,0.0,8030.92984869326,691.4071526822559
981,d,other,2620.0,122.0,0,0,0.0,7312.375515818432,756.3713892709766
980,a,other,4420.0,88.0,0,0,0.0,7069.301237964237,561.1444291609354
979,a,other,2270.0,86.0,0,1,20.75,6229.259259259259,636.6227709190672
1010,d,other,4610.0,31.0,0,1,31.75,8831.25170998632,808.2722298221614
978,c,other,3890.0,0.0,1,0,0.0,7191.823933975241,973.0206327372765
884,d,other,7550.0,0.0,1,0,0.0,5457.412280701755,524.3789473684211
976,a,other,4180.0,0.0,1,0,0.0,6966.495185694635,719.7056396148556
972,a,other,14960.0,0.0,1,0,0.0,3426.9075500770414,389.29583975346685
971,c,other,1140.0,20.0,0,1,8.75,8237.993055555555,985.7736111111111
970,a,other,910.0,0.0,0,1,39.0,3319.3333333333335,402.9039780521262
969,a,other,600.0,158.0,0,1,0.0,3463.2347083926034,592.8022759601707
968,c,other,1190.0,0.0,1,0,0.0,7176.404401650619,876.6629986244842
967,a,other,3560.0,0.0,0,1,0.0,8671.702888583219,931.9298486932599
966,a,other,760.0,59.0,0,0,0.0,4816.470426409904,612.4346629986245
965,a,other,110.0,0.0,1,0,0.0,8510.078189300411,909.7174211248285
964,a,other,270.0,0.0,1,1,0.0,9804.176388888889,1400.9986111111111
963,a,other,23620.0,0.0,0,0,0.0,10729.037190082645,1017.0757575757576
962,c,other,260.0,0.0,1,0,0.0,6676.794117647059,911.3683473389356
961,d,other,9430.0,0.0,1,0,0.0,6516.207702888583,690.8266850068776
960,d,other,8990.0,0.0,1,1,40.5,6684.958847736625,551.7709190672153
959,a,other,1060.0,85.0,0,0,0.0,7029.746922024624,744.4664842681259
973,d,other,330.0,0.0,1,1,5.25,6386.640990371389,786.9793672627235
958,a,other,440.0,0.0,0,0,0.0,4271.366621067032,566.3994528043776
945,a,other,12480.0,22.0,0,0,0.0,4375.452804377565,532.5690834473324
946,a,other,2220.0,13.0,0,1,0.0,4189.687757909216,533.0797799174691
947,a,other,460.0,0.0,0,1,33.0,8435.623087621696,1145.2809457579972
949,a,other,870.0,82.0,0,0,0.0,5338.835841313269,497.46785225718196
909,a,other,1680.0,0.0,1,1,37.0,10503.312829525483,1013.4358523725834
950,a,other,8460.0,218.0,0,0,0.0,5725.236514522821,562.3029045643153
952,d,other,6300.0,0.0,0,0,0.0,6603.882456140351,532.240350877193
953,a,other,19830.0,81.0,0,1,18.75,5317.718792866941,543.8120713305899
954,a,other,390.0,0.0,0,1,0.0,6977.557083906465,910.3920220082531
955,d,other,1690.0,42.0,0,1,0.0,4688.541953232462,455.44154057771664
956,a,other,2330.0,0.0,0,1,19.75,3902.3411602209944,501.72513812154693
957,d,other,1420.0,2.0,0,0,0.0,7876.764705882353,850.9370725034199
951,d,other,710.0,0.0,1,1,14.25,7739.264099037139,718.3837689133425
944,c,other,1670.0,0.0,0,0,0.0,7987.915184678523,1238.123119015048
974,a,other,150.0,22.0,0,1,0.0,11465.98947368421,1559.2175438596491
943,d,other,18020.0,0.0,1,0,0.0,6942.32462173315,605.3713892709766
942,d,other,6860.0,0.0,1,1,19.75,6014.866941015089,469.04663923182443
938,a,other,2820.0,40.0,0,0,0.0,9386.931600547196,964.4350205198358
937,d,other,2810.0,0.0,1,1,0.0,7191.116598079561,584.6515775034294
936,a,other,580.0,59.0,0,0,0.0,7079.774415405777,896.2503438789546
935,a,other,22350.0,31.0,0,0,0.0,5629.697674418605,600.5581395348837
934,a,other,5460.0,0.0,1,1,20.75,6755.132049518569,681.2599724896836
933,a,other,6270.0,95.0,0,0,0.0,7318.907840440165,907.8734525447043
932,a,other,15700.0,0.0,1,1,33.0,7374.7775831873905,731.4098073555166
931,a,other,1480.0,16.0,0,1,12.0,3526.4717444717444,433.14619164619165
930,a,other,70.0,0.0,1,0,0.0,7154.147180192572,1174.9133425034388
929,a,other,4820.0,0.0,0,0,0.0,5801.175102599179,711.7633378932968
928,d,other,1090.0,0.0,1,1,0.0,8005.488308115543,695.0687757909216
927,a,other,480.0,0.0,1,0,0.0,6549.240277777778,873.6791666666667
926,d,other,5150.0,22.0,0,1,33.0,7235.609353507565,542.5708390646492
940,d,other,6470.0,4.0,0,0,0.0,7219.188445667125,742.7922971114168
925,c,other,470.0,70.0,0,1,12.0,6650.287308228731,1190.8423988842399
923,a,other,280.0,52.0,0,0,0.0,5303.709986320109,637.9028727770178
922,d,other,2110.0,82.0,0,0,0.0,7384.640387275242,714.2600276625172
941,a,other,1200.0,13.0,0,1,0.0,4991.733333333334,553.5982456140351
924,a,other,6420.0,21.0,0,1,12.0,4758.712517193948,452.595598349381
910,d,other,12480.0,0.0,1,1,0.0,5688.242090784044,574.5639614855571
911,a,other,16490.0,0.0,1,0,0.0,9874.29411764706,910.6484268125855
912,c,other,3100.0,32.0,0,0,0.0,5766.413132694938,761.2995896032832
913,a,other,280.0,0.0,1,0,0.0,8888.274861878454,1165.0718232044198
908,a,other,1980.0,30.0,0,1,39.0,4239.008230452675,363.6076817558299
914,c,other,2640.0,21.0,0,1,6.75,9527.830369357045,1138.9425444596443
916,a,other,90.0,2.0,0,0,0.0,5361.8370165745855,705.0842541436464
917,a,other,7240.0,35.0,0,0,0.0,6705.259972489684,744.0261348005502
918,a,other,18710.0,0.0,0,0,0.0,5180.590096286107,554.6616231086657
919,a,other,2620.0,0.0,1,1,37.0,5520.71704745167,677.5289982425307
920,a,other,850.0,11.0,0,1,0.0,5715.222807017544,579.6350877192982
921,a,other,840.0,76.0,0,0,0.0,9523.602475928474,1103.0660247592848
915,d,other,650.0,0.0,0,1,0.0,6296.270175438596,514.161403508772
907,a,other,250.0,0.0,1,0,0.0,6223.07015130674,826.8995873452544
906,a,other,90.0,30.0,0,0,0.0,10933.984910836763,1273.2990397805213
870,a,other,780.0,45.0,0,0,0.0,6923.008344923505,867.8789986091795
904,d,other,570.0,0.0,0,1,20.75,6042.831578947368,517.9228070175438
903,d,other,7290.0,0.0,0,0,0.0,11706.252631578947,819.338596491228
902,a,other,310.0,0.0,0,1,0.0,4963.775438596491,637.0982456140351
901,a,other,3170.0,0.0,0,0,0.0,7236.761969904241,640.8331053351574
900,a,other,3920.0,93.0,0,1,0.0,5783.271929824561,546.2456140350877
899,d,other,2590.0,0.0,1,1,33.0,5275.782668500688,565.3823933975241
898,a,other,18540.0,0.0,1,0,0.0,6603.681755829904,709.9890260631001
897,c,other,3290.0,72.0,0,1,0.0,3508.0674931129474,346.2465564738292
896,a,other,170.0,4.0,0,0,0.0,6924.2722298221615,1088.0519835841312
895,a,other,4150.0,0.0,1,0,0.0,9261.212413793104,879.8524137931034
894,a,other,190.0,2.0,0,0,0.0,8450.4297635605,1036.4339360222532
893,a,other,130.0,0.0,1,1,0.0,6392.664912280702,831.0473684210526
892,a,other,19370.0,129.0,0,0,0.0,7609.104539202201,782.4718019257222
891,a,other,350.0,0.0,1,1,0.0,8016.157458563536,1106.7085635359117
890,a,other,4450.0,0.0,1,1,20.75,5662.966666666666,442.0982456140351
889,d,other,18670.0,85.0,0,0,0.0,4139.275103163686,453.85006877579093
875,d,other,5070.0,62.0,0,1,0.0,5063.379642365887,471.9752407152682
882,a,other,30.0,0.0,0,0,0.0,6632.118549511855,848.1255230125523
888,d,other,4450.0,7.0,0,1,3.5,7929.551299589603,740.2708618331053
887,d,other,19700.0,0.0,1,1,39.0,6868.855555555556,576.9847222222222
886,a,other,12430.0,99.0,0,0,0.0,6400.499312242091,607.4635488308115
885,a,other,480.0,85.0,0,0,0.0,5423.530386740332,727.439226519337
838,d,other,6890.0,0.0,1,1,12.25,7945.445816186557,817.1604938271605
905,a,other,90.0,0.0,0,0,0.0,8653.17469050894,1285.474552957359
883,a,other,3200.0,91.0,0,0,0.0,4774.275103163686,504.62861072902336
873,a,other,2040.0,50.0,0,0,0.0,3842.1320495185696,458.66162310866576
880,a,other,4570.0,0.0,1,0,0.0,7459.164137931035,788.1572413793103
879,d,other,0.0,0.0,1,1,0.0,3722.7350877192985,346.5561403508772
878,d,other,1100.0,0.0,0,0,0.0,8729.573590096286,797.6217331499312
877,a,other,29190.0,0.0,1,0,0.0,6322.545938748335,873.7150466045273
876,a,other,21790.0,93.0,0,1,0.0,9142.968363136177,1016.4924346629987
881,a,other,180.0,58.0,0,1,0.0,4203.532324621733,623.302613480055
977,a,other,520.0,88.0,0,1,33.0,4786.460595446585,512.9299474605955
874,a,other,3210.0,0.0,1,0,0.0,4555.871409028728,508.5389876880985
975,a,other,9630.0,0.0,1,1,20.75,7717.918844566712,746.7482806052269
869,c,other,230.0,135.0,0,1,20.75,5983.522696011004,874.2352132049518
868,d,other,1360.0,89.0,0,1,0.0,9542.504801097393,653.3552812071331
867,d,other,21810.0,4.0,0,0,0.0,4303.076923076923,408.56776556776555
866,d,other,9680.0,0.0,1,1,0.0,6855.9931412894375,485.838134430727
865,d,other,2640.0,0.0,1,0,0.0,7520.313617606603,636.4773039889959
864,a,other,1020.0,3.0,0,1,37.0,4245.44,585.6386206896552
863,a,other,21370.0,26.0,0,0,0.0,7678.549636803874,916.8075060532688
862,a,other,2840.0,34.0,0,1,20.75,8579.287277701778,1123.1285909712722
861,c,other,740.0,0.0,1,1,0.0,3462.7851123595506,506.1699438202247
860,c,other,5980.0,35.0,0,0,0.0,5731.230452674897,728.9657064471879
859,c,other,21770.0,0.0,0,0,0.0,7451.378947368421,723.0157894736842
858,a,other,3370.0,49.0,0,1,0.0,4714.564912280702,415.7035087719298
857,c,other,6270.0,89.0,0,1,0.0,7384.305898491084,921.1961591220851
856,a,other,3020.0,35.0,0,0,0.0,7127.916552667579,959.09439124487
855,a,other,3440.0,0.0,1,1,37.0,5731.051034482759,612.9972413793104
854,c,other,4770.0,0.0,1,1,33.0,6612.011004126547,686.5557083906465
840,a,other,1070.0,40.0,0,0,0.0,7380.56634746922,1063.2243502051983
847,c,other,190.0,0.0,1,1,0.0,7143.853591160221,1018.5538674033149
853,a,other,14040.0,0.0,1,0,0.0,9199.777931034483,1017.591724137931
852,c,other,940.0,105.0,0,1,20.75,4615.3566529492455,585.8175582990398
851,d,other,2330.0,0.0,1,1,0.0,5459.277192982456,471.95438596491226
850,d,other,1120.0,68.0,0,1,0.0,6180.29680998613,655.7725381414701
849,c,other,5000.0,0.0,1,0,0.0,8135.102599179207,891.5718194254446
872,a,other,3860.0,0.0,0,1,0.0,8587.804676753783,829.7661623108665
848,a,other,370.0,66.0,0,1,20.75,6599.018284106892,751.1040787623066
871,d,other,10620.0,0.0,1,0,0.0,6199.882030178326,476.4526748971193
845,d,other,7860.0,86.0,0,1,20.75,4805.208563535912,358.0704419889503
844,a,other,2030.0,4.0,0,1,19.75,4174.3383768913345,456.07840440165063
843,c,other,60.0,81.0,0,0,0.0,9469.079343365252,1121.6853625171
842,d,other,1200.0,62.0,0,0,0.0,18386.622807017542,1145.6421052631579
841,a,other,27650.0,101.0,0,0,0.0,2998.2806052269602,414.85144429160937
846,a,other,8860.0,105.0,0,1,39.0,9210.283356258597,868.1843191196699
1114,a,other,870.0,0.0,1,0,0.0,20518.232558139534,3186.3324213406295
653,d,other,7520.0,0.0,0,1,37.0,5910.4718019257225,501.9518569463549
660,a,other,1200.0,74.0,0,1,0.0,4549.275438596491,493.54035087719296
834,a,other,3470.0,10.0,0,0,0.0,5850.816689466485,639.6087551299589
833,d,other,3290.0,157.0,0,1,27.5,5508.390646492435,507.30674002751033
832,d,other,5070.0,0.0,1,1,37.0,6526.207133058985,553.8271604938271
831,a,other,800.0,67.0,0,0,0.0,12671.28060522696,1579.152682255846
830,a,other,6320.0,0.0,1,1,23.0,6150.964236588721,526.5900962861073
829,c,other,110.0,0.0,1,0,0.0,5928.211248285323,792.2578875171467
828,d,other,3290.0,0.0,0,0,0.0,5192.62310866575,588.302613480055
827,a,other,250.0,96.0,0,0,0.0,12571.383561643835,1640.7917808219179
826,a,other,7980.0,91.0,0,0,0.0,8821.5773480663,773.1726519337017
825,a,other,380.0,20.0,0,1,0.0,4512.187719298246,533.4438596491228
824,a,other,17570.0,0.0,1,0,0.0,6785.114911080711,857.984952120383
823,a,other,16210.0,26.0,0,0,0.0,5776.435020519836,569.2476060191518
822,a,other,410.0,26.0,0,1,24.25,7755.829001367989,640.4870041039671
821,a,other,1700.0,40.0,0,0,0.0,6926.499316005472,851.3187414500684
835,a,other,2890.0,61.0,0,1,0.0,5148.0557880055785,659.8953974895397
820,a,other,1650.0,0.0,1,1,0.0,12081.88245614035,1094.2666666666667
807,a,other,3870.0,57.0,0,0,0.0,9793.696844993141,981.7489711934156
808,a,other,18620.0,0.0,1,1,40.5,7260.790921595599,601.3452544704264
809,a,other,12770.0,147.0,0,0,0.0,9348.840440165062,801.9229711141678
810,d,other,9640.0,0.0,0,0,0.0,5923.8390646492435,489.1471801925722
811,a,other,410.0,4.0,0,0,0.0,4127.722298221614,682.6703146374829
770,a,other,100.0,0.0,0,0,0.0,6585.6492434663,747.9257221458047
812,d,other,2590.0,4.0,0,0,0.0,6361.874828060522,778.4291609353508
814,d,other,24530.0,0.0,0,0,0.0,8459.048010973936,695.360768175583
815,a,other,590.0,1356.0,0,1,0.0,8578.559649122806,834.1157894736842
816,c,other,460.0,0.0,1,0,0.0,5157.815680880331,747.3177441540578
817,a,other,140.0,82.0,0,0,0.0,21784.030095759234,3137.186046511628
818,d,other,490.0,0.0,1,1,27.5,6081.598079561042,633.5500685871057
819,a,other,720.0,0.0,0,0,0.0,6098.99316005472,542.2010943912449
813,a,other,1560.0,112.0,0,0,0.0,5792.176551724138,649.8455172413793
806,d,other,260.0,0.0,1,1,25.25,6789.054385964912,526.5
698,a,other,1790.0,20.0,0,0,0.0,15464.180574555403,1932.3707250341997
805,d,other,24770.0,15.0,0,1,0.0,6122.7350877192985,578.0684210526316
804,c,other,2100.0,0.0,1,1,0.0,4892.650877192982,440.35263157894735
799,a,other,2700.0,0.0,1,0,0.0,9888.66712517194,901.2104539202201
798,a,other,9560.0,141.0,0,0,0.0,7464.510316368638,903.687757909216
797,a,other,2090.0,3.0,0,1,0.0,4113.008771929824,408.4824561403509
796,a,other,7180.0,2.0,0,0,0.0,7200.248968363137,667.2503438789546
795,d,other,510.0,0.0,1,1,27.5,4546.773039889958,468.6767537826685
794,c,other,5090.0,76.0,0,0,0.0,3067.4828060522696,522.0261348005502
793,d,other,2710.0,78.0,0,0,0.0,4808.484181568088,457.35900962861075
792,d,other,17280.0,39.0,0,1,19.75,7399.803301237965,694.9147180192572
791,a,other,5950.0,69.0,0,0,0.0,7579.760660247593,806.111416781293
790,d,other,9070.0,109.0,0,0,0.0,7433.102880658436,682.5445816186557
789,a,other,9770.0,114.0,0,0,0.0,3346.59724137931,467.8096551724138
788,a,other,1530.0,0.0,0,0,0.0,17955.162790697676,1721.4090287277702
787,c,other,3210.0,43.0,0,0,0.0,10210.924346629987,1145.0247592847318
802,a,other,910.0,0.0,1,1,18.75,6826.481532147743,523.8549931600547
786,a,other,290.0,74.0,0,1,0.0,3579.0068775790924,556.2943603851444
784,a,other,560.0,0.0,0,1,0.0,7810.217331499312,833.0522696011004
783,d,other,15490.0,0.0,1,0,0.0,6840.251028806584,679.3484224965706
803,d,other,1760.0,0.0,1,1,0.0,6053.984658298466,494.0655509065551
785,d,other,970.0,90.0,0,1,0.0,6436.387895460798,558.0508940852819
771,a,other,20640.0,64.0,0,0,0.0,6686.91052631579,686.9122807017544
772,d,other,1850.0,0.0,1,0,0.0,3552.035616438356,486.3054794520548
773,a,other,200.0,0.0,1,0,0.0,5746.9821673525375,794.1838134430727
774,a,other,640.0,0.0,0,0,0.0,5492.715458276334,714.9972640218879
775,d,other,6970.0,85.0,0,1,18.75,8694.28596491228,623.0543859649123
777,d,other,8250.0,99.0,0,1,0.0,3948.43878954608,348.5130674002751
778,a,other,340.0,115.0,0,1,0.0,5911.956140350877,805.3280701754386
779,a,other,16990.0,105.0,0,0,0.0,7121.335625859698,701.3892709766162
780,a,other,18160.0,0.0,1,0,0.0,6542.191196698762,790.595598349381
781,a,other,630.0,69.0,0,0,0.0,4934.209078404401,675.7056396148556
782,c,other,5390.0,113.0,0,1,12.0,5479.924346629986,513.5323246217331
776,c,other,700.0,45.0,0,1,20.75,4795.9930939226515,534.8342541436464
801,d,other,48330.0,0.0,0,0,0.0,4795.574555403557,470.6798905608755
767,a,other,13080.0,0.0,1,0,0.0,6015.957592339261,616.6429548563611
730,c,other,1190.0,0.0,0,0,0.0,8113.021887824897,994.688098495212
765,a,other,25430.0,164.0,0,1,39.0,8480.87172413793,710.1296551724138
763,d,other,32240.0,34.0,0,0,0.0,6115.908344733242,587.6949384404925
761,a,other,2390.0,4.0,0,0,0.0,8691.362517099864,994.8180574555404
760,a,other,560.0,24.0,0,0,0.0,7599.472375690608,1220.754143646409
759,a,other,110.0,2.0,0,1,0.0,6980.90371389271,775.9243466299862
758,a,other,19780.0,55.0,0,0,0.0,4858.692520775623,637.4362880886426
757,a,other,3450.0,0.0,1,0,0.0,6157.739310344828,532.7475862068966
756,a,other,50.0,0.0,1,1,14.25,16509.163686382395,2345.099037138927
755,d,other,13130.0,109.0,0,0,0.0,10453.578296703297,896.0796703296703
754,c,other,380.0,56.0,0,1,0.0,8151.008230452675,975.2949245541838
753,d,other,540.0,2.0,0,1,27.5,8743.325997248969,768.4291609353508
752,a,other,970.0,0.0,0,1,0.0,5251.854195323246,461.7496561210454
751,a,other,650.0,75.0,0,0,0.0,4214.635488308116,574.6712517193947
750,d,other,8670.0,131.0,0,1,20.75,4997.270175438596,403.34736842105264
764,a,other,26490.0,0.0,1,1,0.0,3495.3664335664334,393.56643356643355
748,d,other,2380.0,34.0,0,1,20.75,5727.14030261348,488.5378266850069
749,a,other,3410.0,17.0,0,1,0.0,5219.6382393397525,641.1650618982118
741,d,other,11900.0,0.0,1,0,0.0,7561.9261285909715,915.7606019151847
747,c,other,45740.0,53.0,0,0,0.0,8023.823933975241,703.8459422283356
746,d,other,4330.0,23.0,0,1,15.5,5977.026063100137,506.04526748971193
745,a,other,17650.0,0.0,0,1,39.0,7492.046767537827,711.4814305364512
744,a,other,1370.0,13.0,0,1,0.0,7421.99095840868,833.7613019891501
743,a,other,6710.0,110.0,0,1,8.75,3808.477303988996,418.78679504814306
742,d,other,4380.0,0.0,1,0,0.0,7999.006877579092,873.8308115543329
740,d,other,6400.0,0.0,0,0,0.0,6905.888888888889,505.77914951989027
739,d,other,2770.0,55.0,0,1,18.75,9443.945614035089,758.8315789473684
737,a,other,100.0,68.0,0,1,0.0,6100.144429160935,901.544704264099
766,d,other,9820.0,0.0,1,0,0.0,6054.057894736842,525.1210526315789
736,c,other,1650.0,0.0,1,1,20.75,5265.063157894737,512.4894736842106
735,d,other,1920.0,93.0,0,0,0.0,5519.32462173315,546.1471801925723
738,d,other,5980.0,87.0,0,0,0.0,8471.52544704264,701.9215955983494
800,d,other,2020.0,0.0,0,0,0.0,5373.698762035763,503.5680880330124
734,a,other,220.0,0.0,1,1,0.0,6016.480055020633,571.5612104539202
732,a,other,35280.0,0.0,1,0,0.0,5666.0961070559615,645.6569343065694
729,c,other,8980.0,19.0,0,0,0.0,10501.913342503438,1083.0825309491058
728,d,other,13990.0,0.0,1,1,20.75,5223.791724137931,457.58482758620687
727,a,other,2050.0,70.0,0,0,0.0,4511.2935528120715,452.0603566529492
726,a,other,40540.0,131.0,0,0,0.0,11038.625859697386,1066.0687757909216
725,d,other,17540.0,7.0,0,0,0.0,5735.0574555403555,596.0218878248974
724,d,other,5900.0,0.0,1,0,0.0,6795.430536451169,700.5268225584595
723,d,other,5650.0,52.0,0,1,0.0,6942.041152263375,562.4293552812071
722,a,other,50.0,0.0,1,0,0.0,9944.287277701778,1598.8194254445964
721,a,other,3590.0,4.0,0,1,6.75,7672.336525307797,759.3187414500684
720,a,other,15320.0,22.0,0,1,0.0,7154.900136798906,719.0177838577291
719,c,other,8190.0,0.0,1,1,37.0,5382.88947368421,455.45087719298243
718,a,other,1100.0,0.0,0,0,0.0,7931.141289437585,858.7050754458162
717,d,other,310.0,0.0,1,1,14.25,5558.414030261348,561.6602475928473
716,d,other,3200.0,60.0,0,1,18.75,5713.20350877193,454.6543859649123
715,a,other,14810.0,0.0,0,0,0.0,6495.312586445367,676.8271092669432
714,d,other,12070.0,87.0,0,1,0.0,4494.5310344827585,328.34896551724137
700,a,other,830.0,0.0,1,1,0.0,4328.218439716312,525.3049645390071
707,a,other,2900.0,270.0,0,0,0.0,8283.702888583219,914.1334250343879
713,a,other,220.0,0.0,1,1,0.0,10812.61348005502,1328.283356258597
712,a,other,4870.0,64.0,0,1,37.0,6446.791228070176,575.7491228070176
711,d,other,17110.0,70.0,0,1,35.0,7012.802101576182,517.1295971978984
710,d,other,1500.0,52.0,0,1,20.75,4521.60701754386,372.7526315789474
709,a,other,500.0,25.0,0,0,0.0,9846.39534883721,1292.9192886456908
702,a,other,8550.0,136.0,0,1,37.0,4377.207017543859,347.47543859649124
708,c,other,11470.0,39.0,0,1,0.0,4462.544881889764,467.5732283464567
731,a,other,15270.0,0.0,1,1,0.0,9241.810773480664,955.2251381215469
705,a,other,4140.0,4.0,0,1,19.75,7953.810178817056,962.7303988995874
704,d,other,1910.0,45.0,0,0,0.0,10335.927397260273,1074.1972602739727
703,a,other,80.0,91.0,0,0,0.0,3292.6492434663,353.7551581843191
768,a,other,2630.0,4.0,0,0,0.0,12954.425444596443,1346.0560875512997
701,d,other,1450.0,10.0,0,1,20.75,5759.4017543859645,630.5877192982456
706,d,other,7830.0,0.0,0,1,0.0,5726.5982456140355,524.6052631578947
699,a,other,180.0,0.0,1,1,0.0,8355.343137254902,984.5294117647059
560,c,other,1910.0,0.0,0,0,0.0,13535.14553314121,1638.3386167146973
697,d,other,3780.0,0.0,1,1,14.25,10613.441540577716,1005.8363136176066
694,a,other,460.0,2.0,0,1,0.0,8004.39298245614,775.2912280701754
693,d,other,450.0,0.0,1,1,14.25,6591.497942386832,494.4718792866941
692,a,other,40.0,137.0,0,0,0.0,6580.807427785419,800.1196698762036
691,d,other,3030.0,0.0,1,1,39.0,8374.083906464924,623.8459422283356
690,a,other,100.0,0.0,1,0,0.0,5587.480055020633,793.1540577716644
689,d,other,15040.0,99.0,0,0,0.0,7062.288065843622,715.6502057613169
688,a,other,18760.0,0.0,0,1,20.75,3612.9931224209076,364.98486932599724
687,d,other,2770.0,0.0,1,0,0.0,8299.317744154057,732.2957359009629
686,a,other,20050.0,129.0,0,0,0.0,6247.325997248969,755.3837689133425
685,a,other,650.0,0.0,0,1,39.0,6684.237964236589,617.6918844566712
684,d,other,680.0,0.0,1,1,6.75,7581.8421052631575,611.7140350877193
683,a,other,2850.0,0.0,0,0,0.0,9206.155950752394,881.8112175102599
681,a,other,620.0,0.0,1,1,0.0,3522.6265734265735,484.6881118881119
680,c,other,170.0,0.0,1,1,3.5,5206.076607387141,794.4404924760602
679,a,other,4140.0,4.0,0,0,0.0,9939.978112175102,1063.4295485636114
665,a,other,90.0,1.0,0,1,20.75,8209.687413554633,1259.6846473029045
672,c,other,240.0,124.0,0,0,0.0,8865.585969738651,1399.697386519945
678,c,other,3250.0,0.0,1,1,14.25,7270.418156808803,825.0797799174691
677,d,other,1740.0,0.0,0,1,37.0,8006.577192982456,643.9842105263158
675,a,other,2100.0,0.0,0,1,20.75,4312.189300411523,452.4705075445816
674,a,other,2640.0,85.0,0,1,0.0,8197.14121037464,1017.6801152737752
695,a,other,550.0,18.0,0,1,12.0,5361.763411279229,515.0261348005502
673,d,other,15170.0,0.0,1,1,0.0,7050.380689655172,579.4551724137931
663,a,other,7860.0,92.0,0,0,0.0,4680.470921985816,642.7120567375887
670,a,other,2060.0,0.0,1,1,37.0,6567.966608084358,699.804920913884
669,d,other,17080.0,6.0,0,1,0.0,4458.087719298245,390.53684210526313
668,c,other,1270.0,28.0,0,0,0.0,8933.248974008207,1160.2407660738713
667,d,other,2870.0,4.0,0,0,0.0,8786.519178082192,795.0712328767123
666,c,other,2700.0,0.0,1,1,22.0,6980.685517241379,653.0331034482758
671,a,other,2070.0,59.0,0,1,26.5,5828.950877192982,587.6491228070175
696,a,other,430.0,0.0,1,0,0.0,7750.232558139535,993.3406292749657
664,d,other,1680.0,87.0,0,0,0.0,4918.800550206327,601.2269601100413
629,d,other,510.0,0.0,0,1,0.0,7756.419298245614,690.159649122807
659,d,other,1590.0,10.0,0,0,0.0,5649.167352537723,685.9698216735254
658,d,other,520.0,0.0,1,1,39.0,6068.499312242091,600.7441540577717
657,c,other,80.0,84.0,0,1,0.0,6075.259668508287,773.2016574585635
656,d,other,410.0,45.0,0,1,33.0,3237.713305898491,378.923182441701
655,d,other,960.0,2.0,0,1,0.0,7971.573590096286,685.9779917469051
654,c,other,6930.0,76.0,0,0,0.0,6446.7276478679505,685.2558459422283
939,d,other,1340.0,0.0,1,0,0.0,5971.6492434663,577.8500687757909
652,a,other,20390.0,0.0,1,0,0.0,6611.19890260631,680.1893004115226
651,a,other,200.0,0.0,1,0,0.0,7625.145804676754,952.5680880330124
650,a,other,1420.0,3.0,0,1,0.0,6384.828070175438,666.3298245614035
649,a,other,14570.0,122.0,0,0,0.0,3680.4731774415404,387.99449793672625
648,d,other,2130.0,49.0,0,0,0.0,6576.506155950752,613.6648426812585
647,a,other,7420.0,0.0,0,0,0.0,5752.136798905609,677.8344733242134
646,a,other,620.0,0.0,0,0,0.0,5008.828070175438,706.3543859649122
645,a,other,90.0,0.0,1,1,37.0,10715.45103448276,1330.7627586206897
644,c,other,4030.0,97.0,0,1,20.75,9375.751851851852,1034.3462962962963
630,a,other,1690.0,0.0,0,0,0.0,6996.786795048143,799.7303988995874
637,d,other,9790.0,0.0,1,1,40.5,8646.680701754385,689.5842105263158
643,a,other,230.0,31.0,0,1,31.75,8008.894664842681,1024.0533515731875
642,c,other,530.0,93.0,0,1,27.5,3672.674002751032,482.85419532324624
641,a,other,610.0,109.0,0,1,0.0,5789.467675378267,542.8431911966987
640,d,other,8040.0,0.0,1,0,0.0,11481.588720770289,879.7125171939477
639,a,other,7780.0,74.0,0,0,0.0,4752.870701513068,488.83081155433285
662,d,other,1070.0,0.0,1,0,0.0,8449.72366621067,773.2722298221614
638,d,other,10170.0,134.0,0,0,0.0,5972.206713780919,505.9911660777385
661,d,other,2140.0,0.0,0,0,0.0,7145.514644351464,589.5006973500697
635,a,other,27530.0,0.0,0,0,0.0,5898.327372764787,597.7111416781293
634,d,other,18610.0,0.0,1,0,0.0,6705.74552957359,651.7702888583219
633,d,other,11640.0,93.0,0,1,18.75,7199.970175438597,550.8333333333334
632,a,other,3350.0,35.0,0,0,0.0,6982.0902872777015,900.7305061559507
631,d,other,2870.0,0.0,1,1,3.5,5376.544459644323,637.8919288645691
636,c,other,720.0,99.0,0,1,33.0,5841.345008756567,710.4728546409807
836,a,other,2720.0,4.0,0,0,0.0,5879.966987620358,711.6588720770288
628,a,other,2180.0,0.0,1,0,0.0,6226.285909712722,763.6128590971272
590,d,other,4520.0,28.0,0,1,0.0,4955.434482758621,390.99724137931037
624,a,other,6920.0,16.0,0,0,0.0,7021.627235213205,685.2503438789546
623,a,other,4080.0,22.0,0,1,33.0,7139.236033519553,834.1326815642458
622,a,other,0.0,0.0,1,0,0.0,4304.96169630643,430.26128590971274
621,a,other,30.0,126.0,0,0,0.0,5905.958734525447,808.4264099037139
620,d,other,5440.0,0.0,1,1,0.0,7676.721052631579,703.6649122807017
619,a,other,1600.0,79.0,0,1,37.0,4290.5368421052635,429.6070175438596
618,d,other,9910.0,0.0,1,0,0.0,6772.460905349794,502.4238683127572
617,a,other,8940.0,0.0,1,1,22.0,6336.993122420908,574.7689133425034
616,a,other,3040.0,17.0,0,1,27.5,8498.067400275104,833.019257221458
615,d,other,730.0,65.0,0,0,0.0,9729.556927297668,1243.6954732510287
614,a,other,1160.0,1.0,0,0,0.0,6587.055020632737,940.6753782668501
613,c,other,250.0,67.0,0,1,20.75,6768.316872427984,1007.7325102880659
612,d,other,2490.0,2.0,0,1,40.5,6834.5026269702275,426.6322241681261
611,a,other,8080.0,121.0,0,1,0.0,5766.687719298246,490.419298245614
610,a,other,660.0,72.0,0,0,0.0,4195.762035763411,521.7826685006878
609,a,other,2070.0,64.0,0,0,0.0,4621.658002735978,503.9890560875513
595,c,other,1130.0,0.0,0,0,0.0,15032.088919288646,1769.6060191518468
602,a,other,2710.0,138.0,0,1,6.75,6284.246913580247,614.8957475994513
608,a,other,18370.0,0.0,0,1,20.75,9296.944979367263,943.6203576341128
607,a,other,350.0,161.0,0,1,20.75,3908.6570644718795,414.0713305898491
606,a,other,2260.0,62.0,0,0,0.0,5843.64705882353,622.9316005471957
605,d,other,10310.0,117.0,0,1,39.0,6983.778236914601,508.08677685950414
604,d,other,10950.0,0.0,0,0,0.0,8031.380701754386,598.6105263157895
625,a,other,1170.0,21.0,0,1,6.75,6280.78954607978,617.0357634112793
603,a,other,340.0,69.0,0,1,33.0,6897.566011235955,941.1530898876405
593,a,other,33060.0,34.0,0,0,0.0,9491.511627906977,1231.4090287277702
600,d,other,17340.0,31.0,0,1,22.0,6958.938440492476,618.5335157318741
599,d,other,580.0,0.0,0,0,0.0,9754.38440492476,877.3324213406293
598,c,other,550.0,0.0,0,1,0.0,5895.975438596492,730.2701754385965
597,a,other,150.0,52.0,0,1,12.0,5062.012379642366,725.8913342503439
596,c,other,290.0,76.0,0,0,0.0,4479.294117647059,694.2872777017784
601,d,other,8220.0,0.0,0,1,20.75,4866.227709190672,394.89026063100135
626,c,other,10740.0,0.0,0,0,0.0,9374.486932599724,831.7414030261348
594,a,other,1790.0,15.0,0,0,0.0,4137.74829001368,455.296853625171
627,c,other,3970.0,34.0,0,0,0.0,5924.034293552812,612.4320987654321
589,a,other,360.0,0.0,1,1,0.0,4627.924822695036,491.31347517730495
588,d,other,15720.0,34.0,0,0,0.0,6132.6730506155955,661.1833105335157
587,d,other,330.0,76.0,0,1,20.75,9539.963222416813,681.8056042031524
586,a,other,250.0,51.0,0,0,0.0,15102.39226519337,2360.824585635359
585,d,other,440.0,0.0,0,0,0.0,5724.6292749658005,871.7961696306429
584,d,other,1360.0,0.0,1,1,27.5,4708.534979423868,432.69410150891633
583,a,other,2640.0,122.0,0,0,0.0,4312.821182943604,450.6176066024759
582,a,other,120.0,0.0,1,0,0.0,7052.324657534246,867.3191780821918
581,a,other,7250.0,0.0,0,0,0.0,5345.288858321871,590.566712517194
580,a,other,170.0,47.0,0,0,0.0,10226.29411764706,1606.482900136799
579,c,other,20970.0,2.0,0,0,0.0,8315.441540577716,916.4965612104539
578,d,other,12700.0,0.0,0,0,0.0,8027.630952380952,761.202380952381
577,a,other,2270.0,0.0,1,1,3.5,4959.257181942545,586.4500683994528
576,c,other,50.0,74.0,0,0,0.0,6996.03830369357,968.9425444596443
575,a,other,960.0,56.0,0,1,33.0,5355.7425569176885,493.31873905429075
574,d,other,4400.0,0.0,1,0,0.0,8850.579310344827,666.2841379310345
837,a,other,14600.0,0.0,0,0,0.0,3424.535050071531,455.49213161659515
567,c,other,1010.0,4.0,0,1,19.75,5251.625859697387,674.9931224209079
573,a,other,1190.0,2.0,0,1,0.0,3972.633333333333,336.3385964912281
572,d,other,9230.0,105.0,0,1,39.0,6873.53314917127,572.4350828729282
571,d,other,2110.0,206.0,0,1,0.0,7674.061403508772,573.6350877192982
570,a,other,180.0,74.0,0,0,0.0,4565.3603851444295,666.2352132049518
569,a,other,1340.0,76.0,0,0,0.0,4516.025991792066,652.797537619699
592,a,other,2540.0,91.0,0,0,0.0,4449.588720770289,572.4676753782669
568,d,other,4270.0,0.0,1,1,0.0,4838.530864197531,412.2537722908093
591,a,other,3340.0,0.0,1,1,6.75,5685.547586206897,498.5393103448276
565,a,other,160.0,66.0,0,0,0.0,6625.334250343879,794.2957359009629
564,d,other,6540.0,0.0,1,1,0.0,5483.925722145805,486.4621733149931
563,a,other,700.0,0.0,0,1,0.0,5583.1809392265195,713.4944751381215
561,d,other,14300.0,0.0,1,0,0.0,6901.075653370014,684.2888583218707
566,a,other,3620.0,0.0,1,1,0.0,4859.686730506156,543.484268125855
559,d,other,3910.0,74.0,0,1,0.0,5872.470426409904,751.3796423658872
1012,d,other,6330.0,103.0,0,1,26.5,6074.452631578947,519.3350877192983
557,a,other,250.0,0.0,1,0,0.0,4396.165289256199,680.3333333333334
553,c,other,3040.0,124.0,0,1,33.0,6999.004137931034,637.216551724138
552,a,other,4260.0,54.0,0,1,39.0,7699.676268861454,690.2345679012345
551,a,other,2190.0,0.0,0,0,0.0,6547.344733242134,987.6224350205198
550,d,other,50.0,0.0,0,0,0.0,5977.920438957476,499.37860082304525
549,a,other,2330.0,0.0,1,0,0.0,4626.44733242134,546.8481532147742
548,d,other,3760.0,47.0,0,0,0.0,5063.435146443515,401.39470013947
547,d,other,8990.0,38.0,0,1,27.5,5713.852631578948,439.6438596491228
546,a,other,580.0,96.0,0,0,0.0,13599.563611491109,1614.0437756497947
545,a,other,5020.0,80.0,0,1,0.0,10577.724896836313,1028.6382393397523
544,a,other,250.0,133.0,0,1,33.0,14130.352132049518,1855.7111416781293
543,c,other,1080.0,1.0,0,0,0.0,2791.1865569272977,240.78875171467763
542,a,other,7280.0,4.0,0,1,0.0,6247.831578947368,533.5350877192982
541,a,other,650.0,270.0,0,0,0.0,6702.99174690509,858.6506189821183
540,d,other,810.0,0.0,1,1,0.25,5507.836842105263,384.0438596491228
554,c,other,1200.0,0.0,1,0,0.0,4403.418604651163,536.6005471956224
539,a,other,770.0,0.0,0,1,0.0,11275.205263157895,1142.561403508772
526,a,other,120.0,0.0,1,1,12.25,10628.130315500686,1461.00548696845
527,d,other,5830.0,57.0,0,0,0.0,10707.159122085048,1002.1893004115226
528,a,other,20620.0,0.0,1,1,39.0,10678.119669876203,956.878954607978
529,d,other,12920.0,4.0,0,0,0.0,7789.451436388509,760.5075239398085
490,a,other,660.0,0.0,0,1,0.0,8250.377192982456,1065.6929824561403
531,a,other,4030.0,0.0,1,0,0.0,4887.09439124487,601.1586867305061
533,a,other,5950.0,0.0,1,0,0.0,9559.655172413793,897.3531034482759
534,d,other,1200.0,40.0,0,1,37.0,7484.115586690017,570.1576182136603
535,a,other,3570.0,69.0,0,0,0.0,8091.466299862448,923.4511691884456
536,a,other,4700.0,124.0,0,1,0.0,8319.764786795047,887.2200825309491
537,a,other,600.0,128.0,0,1,12.0,5530.6151724137935,600.8979310344828
538,a,other,990.0,35.0,0,0,0.0,3848.2051983584133,567.4281805745554
532,a,other,1070.0,29.0,0,0,0.0,10878.471801925722,1279.643741403026
525,d,other,1870.0,0.0,0,0,0.0,10296.031506849315,882.9698630136986
555,d,other,1560.0,0.0,0,1,0.0,5193.84938704028,482.8091068301226
524,a,other,40860.0,0.0,0,0,0.0,7707.784146341463,820.1963414634147
523,c,other,50.0,0.0,0,0,0.0,15663.965800273598,1800.4145006839944
519,c,other,2510.0,41.0,0,1,12.0,5299.399452804378,560.7701778385773
518,d,other,3330.0,0.0,0,1,33.0,5829.868651488617,504.1295971978984
517,a,other,22490.0,0.0,1,0,0.0,5940.0920679886685,649.2577903682719
516,a,other,20.0,0.0,1,1,27.5,5861.111416781293,762.2118294360386
515,d,other,11260.0,0.0,1,1,22.0,9045.387895460797,739.9105914718019
514,c,other,1200.0,6.0,0,1,5.5,5717.3,602.3929824561403
513,a,other,400.0,0.0,0,0,0.0,18234.793433652532,2106.8207934336524
511,a,other,2060.0,40.0,0,0,0.0,5652.9261285909715,812.5321477428181
510,a,other,8260.0,0.0,1,0,0.0,8172.863823933975,845.3493810178817
509,a,other,4740.0,54.0,0,1,39.0,6114.388203017833,519.5500685871057
508,a,other,1280.0,0.0,1,1,14.25,6714.189226519337,660.7458563535912
507,a,other,9070.0,21.0,0,1,39.0,8431.368638239339,664.8638239339753
521,d,other,18610.0,122.0,0,1,12.25,5169.975240715268,426.28748280605225
506,a,other,1850.0,0.0,0,1,19.75,7599.257221458047,846.0302613480055
504,c,other,820.0,0.0,1,0,0.0,6659.845417236662,955.1805745554036
503,d,other,13080.0,76.0,0,1,20.75,6673.0165061898215,470.65337001375514
522,d,other,7160.0,2.0,0,1,22.0,8149.651488616462,629.9176882661997
505,a,other,350.0,0.0,1,1,0.0,4743.558620689655,591.8662068965517
491,d,other,4680.0,0.0,1,1,6.75,6717.88,526.68
492,a,other,1740.0,58.0,0,1,2.25,7839.040925266904,1156.158362989324
493,d,other,1150.0,0.0,1,1,20.75,8238.233837689133,807.1664374140303
489,a,other,14960.0,0.0,0,1,39.0,7275.612104539202,649.4346629986245
495,d,other,5470.0,0.0,1,1,39.0,5116.268965517242,392.79172413793106
497,a,other,1610.0,0.0,1,0,0.0,9065.628257887518,1120.0864197530864
498,a,other,990.0,0.0,1,1,0.0,6987.50701754386,885.2280701754386
499,c,other,450.0,0.0,1,1,0.0,5108.662068965517,734.9227586206897
500,d,other,10690.0,64.0,0,1,0.0,5266.978947368421,390.56666666666666
501,a,other,1620.0,76.0,0,0,0.0,5414.528070175438,592.9105263157895
502,a,other,220.0,131.0,0,1,39.0,10844.71191135734,1524.713296398892
496,d,other,2780.0,0.0,0,0,0.0,7712.362517099863,832.358413132695
488,a,other,2890.0,0.0,0,0,0.0,3681.391244870041,388.84131326949387
487,d,other,2180.0,4.0,0,1,2.25,6976.5800273597815,677.2421340629274
451,a,other,2460.0,45.0,0,1,33.0,5409.514403292181,458.3319615912209
485,d,other,3270.0,0.0,1,1,6.75,4818.566666666667,417.9035087719298
484,a,other,14300.0,22.0,0,0,0.0,7713.047879616963,741.8536251709986
483,a,other,2310.0,16.0,0,1,33.0,4949.053645116919,651.6313617606603
482,c,other,2550.0,87.0,0,0,0.0,8380.368998628257,928.8299039780521
481,c,other,7470.0,0.0,1,1,1.25,5096.710562414266,473.4293552812071
480,a,other,300.0,2.0,0,0,0.0,4940.770177838577,625.0273597811217
479,a,other,320.0,85.0,0,1,22.0,11217.879286694102,1329.8134430727023
478,d,other,1940.0,10.0,0,0,0.0,6798.889192886457,700.8522571819425
477,d,other,770.0,30.0,0,1,27.5,6179.866666666667,449.0210526315789
476,d,other,8300.0,76.0,0,0,0.0,5836.243466299862,650.8803301237964
475,a,other,140.0,88.0,0,0,0.0,6475.117403314917,984.9861878453039
474,c,other,14810.0,0.0,1,1,20.75,7526.37585733882,739.1207133058984
473,a,other,50.0,0.0,1,0,0.0,3560.5006877579094,489.57634112792294
472,c,other,5030.0,17.0,0,0,0.0,5197.87414500684,694.6730506155951
471,d,other,5300.0,0.0,1,1,37.0,7103.382456140351,591.2912280701754
470,a,other,50.0,0.0,1,0,0.0,13173.21270718232,1788.0124309392265
456,a,other,140.0,0.0,1,0,0.0,6200.297111416781,898.2957359009629
463,a,other,4160.0,0.0,1,0,0.0,6087.390646492435,971.283356258597
469,c,other,710.0,88.0,0,0,0.0,11929.099863201094,1528.4911080711354
468,c,other,5260.0,4.0,0,0,0.0,6706.901504787962,760.7099863201095
467,a,other,20390.0,57.0,0,0,0.0,13460.079779917469,1617.6066024759284
466,a,other,3110.0,118.0,0,0,0.0,7698.964236588721,758.3438789546079
465,d,other,10890.0,93.0,0,0,0.0,7717.3401920438955,603.39231824417
486,a,other,2320.0,0.0,1,1,0.0,4250.372764786795,520.8748280605226
464,c,other,520.0,46.0,0,0,0.0,10656.357045143639,1311.8563611491109
454,a,other,26450.0,0.0,1,0,0.0,5774.270976616231,707.200825309491
461,d,other,1790.0,0.0,0,1,0.0,4847.1406896551725,477.7393103448276
460,a,other,34050.0,57.0,0,0,0.0,3723.532324621733,343.01788170563964
459,a,other,250.0,52.0,0,1,0.0,9167.632010943913,1132.1190150478797
458,c,other,3390.0,0.0,1,0,0.0,7557.871056241426,702.3017832647462
457,d,other,13140.0,0.0,1,1,0.0,4767.138596491228,427.70526315789476
462,a,other,44320.0,53.0,0,0,0.0,4847.944979367263,608.7826685006878
520,a,other,6900.0,0.0,1,1,2.25,3843.0123119015047,411.2175102599179
455,d,other,7660.0,28.0,0,0,0.0,7309.695172413793,461.1558620689655
419,c,other,1620.0,40.0,0,0,0.0,5308.885088919289,854.3638850889192
450,c,other,5780.0,218.0,0,1,0.0,8758.180689655172,1092.0137931034483
449,a,other,120.0,0.0,0,1,39.0,11283.03840877915,1542.1015089163238
448,a,other,3970.0,40.0,0,0,0.0,8474.453920220083,743.6299862448418
447,a,other,1510.0,0.0,0,0,0.0,5299.3160054719565,620.0424076607387
446,a,other,340.0,147.0,0,1,0.0,4945.031636863824,639.6946354883081
445,a,other,240.0,0.0,1,0,0.0,8577.92817679558,1353.7886740331492
444,c,other,1700.0,38.0,0,0,0.0,12233.972375690608,1432.7817679558011
443,d,other,11400.0,85.0,0,0,0.0,5246.286107290234,490.44566712517195
442,c,other,500.0,0.0,1,1,37.0,4356.066206896552,460.4234482758621
441,d,other,2530.0,0.0,1,0,0.0,6291.988995873453,698.0660247592847
440,d,other,3900.0,93.0,0,1,37.0,5132.142068965517,588.28
439,a,other,1350.0,40.0,0,0,0.0,7304.361149110807,889.1928864569084
438,d,other,1110.0,0.0,1,1,2.25,5110.863823933975,522.4993122420908
437,c,other,430.0,0.0,1,1,23.75,7376.85969738652,729.837689133425
436,d,other,2300.0,0.0,1,0,0.0,5507.281980742779,618.1100412654746
435,a,other,910.0,0.0,1,0,0.0,3286.251719394773,385.84731774415405
421,c,other,3530.0,7.0,0,1,3.5,9562.92612859097,1017.5389876880985
428,d,other,2960.0,0.0,0,1,0.0,6240.891228070175,524.7421052631579
434,a,other,13020.0,113.0,0,1,0.0,9855.791228070175,742.5245614035088
433,a,other,30030.0,26.0,0,0,0.0,5345.554307116105,614.7078651685393
432,a,other,810.0,0.0,0,0,0.0,10927.45827633379,1549.2708618331053
431,d,other,4520.0,0.0,1,0,0.0,9489.270976616232,1004.4718019257222
430,d,other,12870.0,51.0,0,0,0.0,8594.11052631579,698.6491228070175
453,a,other,75860.0,0.0,1,0,0.0,7618.058111380145,896.3414043583535
429,d,other,16350.0,90.0,0,1,0.0,5308.929824561404,429.5684210526316
452,a,other,1850.0,0.0,0,1,23.0,5170.798905608755,480.4623803009576
426,a,other,250.0,0.0,1,0,0.0,5068.25447042641,635.3810178817056
425,d,other,1460.0,0.0,1,0,0.0,3230.8591160220994,434.8232044198895
424,d,other,1250.0,0.0,1,1,14.25,6881.548830811555,770.5529573590096
279,d,other,2320.0,0.0,1,1,2.25,8756.952714535902,662.6129597197898
427,a,other,70.0,90.0,0,1,33.0,7635.723292469352,772.8161120840631
420,d,other,250.0,0.0,1,1,5.5,4475.7649122807015,398.37368421052633
422,a,other,2880.0,0.0,1,0,0.0,4568.826265389877,466.656634746922
418,a,other,1060.0,44.0,0,1,17.5,5266.838397790055,551.9986187845304
415,d,other,6910.0,93.0,0,0,0.0,6230.481430536451,521.4387895460798
414,d,other,6210.0,0.0,1,1,0.0,6391.6406035665295,482.73113854595334
413,a,other,760.0,0.0,0,0,0.0,7042.2350877192985,888.9526315789474
412,d,other,4460.0,0.0,1,1,26.5,9054.51052631579,642.6736842105263
411,d,other,8460.0,0.0,1,0,0.0,9076.515775034293,698.7434842249658
410,c,other,40.0,14.0,0,1,6.75,6429.609353507565,804.5020632737277
409,d,other,840.0,0.0,1,1,0.0,5466.548696844993,541.0960219478739
408,c,other,1560.0,0.0,1,1,37.0,4698.35724137931,464.42206896551727
407,a,other,5890.0,111.0,0,1,20.75,3843.254385964912,311.9526315789474
406,d,other,8240.0,142.0,0,1,0.0,6013.299862448418,468.96286107290234
405,a,other,1080.0,57.0,0,1,20.75,4507.408528198074,488.5983493810179
404,a,other,1420.0,0.0,1,1,0.0,4750.557284299858,569.9476661951909
403,a,other,4970.0,0.0,0,0,0.0,7439.481430536451,737.0206327372765
402,c,other,5830.0,16.0,0,1,33.0,5859.541953232462,617.8734525447043
401,a,other,9200.0,39.0,0,1,8.75,6987.448418156809,646.2627235213205
400,a,other,70.0,98.0,0,1,20.75,8739.006858710562,1202.034293552812
386,d,other,1460.0,0.0,0,1,0.0,8088.167812929849,650.3259972489684
393,d,other,4820.0,58.0,0,0,0.0,5886.022008253095,587.8431911966987
399,a,other,5360.0,4.0,0,1,14.25,5507.864912280702,563.4877192982456
398,c,other,1540.0,0.0,1,1,12.0,5488.636114911081,615.8139534883721
397,a,other,130.0,0.0,1,1,0.0,5531.7276478679505,749.7138927097661
396,a,other,23130.0,0.0,1,0,0.0,10203.920220082531,1079.9546079779918
395,a,other,3620.0,0.0,0,0,0.0,3987.685006877579,521.5364511691885
416,a,other,4650.0,0.0,0,0,0.0,10978.448700410398,1400.015047879617
394,d,other,10850.0,0.0,1,0,0.0,8304.159122085048,659.7133058984911
384,a,other,130.0,0.0,1,1,20.75,8834.064471879286,997.4389574759945
391,a,other,460.0,0.0,0,1,0.0,5732.671787709497,693.8798882681564
390,a,other,1600.0,45.0,0,0,0.0,11531.105914718019,1068.4607977991748
389,a,other,6690.0,17.0,0,0,0.0,10282.26265389877,1264.1860465116279
388,a,other,2260.0,0.0,1,0,0.0,10245.455295735901,1099.9147180192572
351,a,other,5290.0,2.0,0,1,0.0,6028.2063273727645,519.9766162310866
392,a,other,2120.0,0.0,1,0,0.0,7273.57083906465,719.7510316368638
350,d,other,8880.0,0.0,1,1,20.75,6990.274348422497,529.2962962962963
385,d,other,4580.0,64.0,0,0,0.0,7340.217543859649,655.7947368421053
383,a,other,350.0,0.0,1,0,0.0,17302.74313186813,2210.8516483516482
283,a,other,2260.0,0.0,1,1,0.0,7043.815789473684,716.4350877192983
370,d,other,8250.0,147.0,0,1,40.5,7614.152682255846,636.6038514442916
371,d,other,1970.0,42.0,0,1,0.0,6891.953360768176,545.7366255144033
372,d,other,4880.0,29.0,0,1,0.0,8735.170563961485,759.9559834938102
373,d,other,11120.0,0.0,1,1,6.75,4518.533793103448,316.48413793103447
374,a,other,1150.0,64.0,0,0,0.0,6986.56634746922,829.7797537619699
378,a,other,2140.0,5.0,0,0,0.0,6272.569463548831,965.2269601100413
376,a,other,160.0,5.0,0,0,0.0,8467.839112343967,954.6463245492372
377,a,other,100.0,31.0,0,1,31.75,7775.238030095759,967.8207934336525
368,d,other,1450.0,93.0,0,1,37.0,9627.375172413793,711.4372413793103
379,d,other,6630.0,0.0,1,0,0.0,3879.4924760601916,466.8563611491108
380,a,other,2240.0,0.0,0,1,0.0,14454.751031636864,1385.7881705639616
381,a,other,1800.0,74.0,0,1,0.0,8987.63961485557,967.171939477304
375,a,other,15710.0,0.0,0,1,39.0,9142.80742778542,758.6767537826685
367,d,other,2640.0,4.0,0,0,0.0,5228.735978112175,542.0547195622435
363,a,other,250.0,40.0,0,0,0.0,7110.24487004104,935.7592339261286
365,c,other,2410.0,0.0,1,1,37.0,5418.543057996485,588.1968365553603
366,d,other,6470.0,97.0,0,0,0.0,6199.770288858322,602.4484181568088
352,d,other,6360.0,0.0,1,1,2.25,6686.928864569083,638.1491108071135
354,d,other,1500.0,87.0,0,0,0.0,8366.165061898211,706.1182943603851
355,a,other,9720.0,0.0,0,0,0.0,9143.742818057455,1103.0027359781122
356,d,other,8970.0,61.0,0,1,6.75,5662.086896551724,433.5806896551724
387,c,other,210.0,0.0,1,1,0.0,9344.873949579833,1200.9579831932774
357,a,other,2060.0,51.0,0,0,0.0,7772.630769230769,1016.8517482517483
359,d,other,4370.0,0.0,1,0,0.0,6855.148555708391,613.353507565337
360,a,other,2040.0,67.0,0,0,0.0,6926.696306429549,757.6511627906976
361,c,other,4490.0,0.0,0,1,0.0,6262.74552957359,639.8418156808804
362,c,other,340.0,0.0,1,0,0.0,9360.307270233196,1149.164609053498
382,c,other,26130.0,122.0,0,0,0.0,7988.518569463549,652.4979367262723
364,a,other,13620.0,0.0,1,1,0.0,4493.368567454799,561.144645340751
358,a,other,2890.0,111.0,0,0,0.0,10305.668500687758,1127.0398899587344
278,a,other,9260.0,35.0,0,0,0.0,7131.813953488372,793.84268125855
345,a,other,120.0,0.0,1,1,6.75,4572.449122807017,495.5140350877193
311,a,other,680.0,90.0,0,0,0.0,6608.37037037037,787.0342935528121
417,a,other,840.0,0.0,1,1,0.0,7667.734525447043,810.7414030261348
344,a,other,300.0,21.0,0,1,20.75,8395.023255813954,1132.8796169630643
343,d,other,18650.0,105.0,0,1,0.0,7144.099037138927,701.3177441540578
342,d,other,15770.0,0.0,1,1,0.0,11051.660808435852,850.7328646748682
341,a,other,190.0,16.0,0,0,0.0,5492.045392022008,749.9834938101789
340,a,other,8080.0,0.0,1,0,0.0,6454.9863201094395,715.452804377565
339,a,other,2280.0,0.0,1,1,0.0,5109.278409090909,677.7230113636364
338,a,other,1590.0,0.0,1,1,39.0,7234.7064471879285,627.8477366255144
337,d,other,10600.0,90.0,0,1,0.0,5017.685871056241,382.53772290809326
336,a,other,190.0,0.0,0,0,0.0,13914.576923076924,1964.6758241758241
334,d,other,4040.0,53.0,0,1,0.0,5441.707015130674,565.595598349381
333,a,other,3720.0,35.0,0,0,0.0,9741.577291381669,1266.7715458276334
332,a,other,1840.0,82.0,0,0,0.0,3732.7592847317746,502.9711141678129
331,a,other,670.0,0.0,1,1,0.0,6190.847317744154,826.6891334250344
330,a,other,370.0,0.0,1,1,6.75,4173.917469050894,450.0839064649243
316,d,other,9000.0,137.0,0,0,0.0,9807.698762035763,902.1292984869326
323,d,other,8400.0,9.0,0,1,0.0,7333.345254470426,620.1348005502064
329,a,other,1310.0,271.0,0,1,6.75,6904.396148555708,621.9257221458047
328,a,other,3130.0,126.0,0,0,0.0,4427.352132049518,522.009628610729
327,c,other,1390.0,97.0,0,0,0.0,7714.8593103448275,931.4882758620689
326,d,other,10070.0,0.0,0,1,0.0,4959.36863823934,416.9009628610729
325,a,other,350.0,22.0,0,1,18.75,6502.462173314993,677.0481430536452
346,a,other,8090.0,0.0,1,0,0.0,6762.887207702888,617.5048143053646
324,a,other,13140.0,0.0,1,1,20.75,5715.964236588721,726.5790921595599
314,a,other,3560.0,135.0,0,1,0.0,5140.709766162311,573.4195323246217
321,c,other,8140.0,0.0,0,1,0.0,5944.379642365887,586.404401650619
320,a,other,210.0,4.0,0,0,0.0,14811.009575923392,2064.4145006839944
319,a,other,570.0,4.0,0,1,5.5,7810.175102599179,849.2120383036936
318,d,other,32330.0,0.0,0,0,0.0,7535.0949105914715,660.5790921595599
317,d,other,3140.0,0.0,0,1,20.75,5344.498245614035,579.1912280701754
322,a,other,17500.0,141.0,0,1,39.0,5004.054869684499,548.2921810699588
347,d,other,9360.0,0.0,0,1,6.75,4761.166896551724,384.2744827586207
315,a,other,38710.0,0.0,0,0,0.0,4238.6621067031465,449.3214774281806
348,a,other,16490.0,0.0,1,1,6.75,8763.233027522936,733.0715596330275
310,a,other,2290.0,0.0,1,1,0.0,8198.467703349283,699.3157894736842
309,d,other,8740.0,0.0,1,1,39.0,6965.788170563961,592.3191196698762
308,a,other,1070.0,73.0,0,1,33.0,9377.046089385474,942.7918994413408
307,a,other,18660.0,124.0,0,0,0.0,2704.002743484225,308.0603566529492
306,a,other,5100.0,69.0,0,1,0.0,4338.5526315789475,466.3070175438597
305,c,other,2470.0,95.0,0,1,0.0,5265.6844993141285,502.116598079561
304,a,other,1950.0,0.0,0,0,0.0,7080.017783857729,1058.077975376197
303,a,other,15430.0,2.0,0,1,19.75,6173.563636363637,674.4433566433567
302,d,other,2190.0,61.0,0,1,22.0,3731.2633744855966,323.29903978052124
301,a,other,4510.0,0.0,0,0,0.0,5542.614227086184,598.3844049247606
300,a,other,120.0,45.0,0,1,12.0,7029.56301369863,874.5589041095891
299,d,other,38630.0,4.0,0,0,0.0,6105.981729598051,669.6224116930573
298,d,other,19840.0,42.0,0,0,0.0,8367.457894736843,690.9333333333333
297,a,other,2300.0,28.0,0,0,0.0,6969.211034482759,720.128275862069
296,a,other,9580.0,68.0,0,1,0.0,6959.086419753086,756.0891632373114
295,a,other,210.0,146.0,0,1,0.0,5218.132413793103,663.3668965517242
280,d,other,18640.0,0.0,0,1,0.0,6255.773793103448,521.2965517241379
288,d,other,800.0,0.0,1,1,20.75,5620.766666666666,422.62105263157895
294,a,other,3150.0,92.0,0,0,0.0,5728.019204389575,763.8957475994513
293,c,other,140.0,62.0,0,0,0.0,6260.931506849315,818.3972602739726
292,a,other,1100.0,43.0,0,0,0.0,5719.536251709987,706.9343365253078
291,d,other,0.0,0.0,1,0,0.0,8030.480055020633,843.3933975240715
290,a,other,4150.0,140.0,0,0,0.0,6991.74552957359,684.1678129298487
313,d,other,14160.0,0.0,1,0,0.0,7072.142661179698,709.201646090535
289,d,other,6540.0,61.0,0,0,0.0,6334.9821673525375,554.6543209876543
312,d,other,11300.0,10.0,0,0,0.0,5558.6680384087795,538.8340192043896
286,a,other,1460.0,0.0,0,0,0.0,5004.617606602476,436.38651994497934
285,a,other,2410.0,0.0,1,0,0.0,5119.094650205761,468.4293552812071
284,d,other,1290.0,0.0,1,1,0.0,5396.717543859649,450.4350877192982
282,a,other,1220.0,25.0,0,0,0.0,4393.03146374829,640.6826265389877
281,d,other,6970.0,16.0,0,0,0.0,5841.372093023256,549.9001367989056
287,c,other,2740.0,44.0,0,1,0.0,8126.494736842105,819.4315789473684
369,d,other,5870.0,0.0,0,0,0.0,6870.694101508916,578.4609053497942
100,d,other,17930.0,0.0,1,0,0.0,7929.694945848375,686.1823104693141
273,a,other,8480.0,0.0,1,0,0.0,6999.099037138927,702.3645116918844
272,a,other,16180.0,114.0,0,1,20.75,6223.604938271605,630.0150891632373
271,a,other,420.0,0.0,1,1,20.75,7826.932599724897,794.0151306740028
270,a,other,1450.0,0.0,0,0,0.0,9234.36388508892,1200.608755129959
269,a,other,60.0,0.0,0,0,0.0,9392.36038514443,1239.636863823934
268,a,other,4520.0,0.0,0,0,0.0,4872.2722298221615,598.9562243502052
267,c,other,2460.0,12.0,0,0,0.0,9295.845417236662,1128.121751025992
266,a,other,360.0,0.0,0,1,22.0,4406.382393397524,533.7248968363136
265,a,other,4580.0,0.0,1,1,0.0,4914.092159559835,501.65749656121045
264,a,other,180.0,0.0,0,0,0.0,7264.166431593794,960.9732016925246
263,a,other,1140.0,0.0,0,1,0.0,3640.8315789473686,351.6421052631579
261,d,other,15340.0,0.0,0,1,38.5,12654.118294360385,953.7510316368638
260,a,other,540.0,15.0,0,0,0.0,6575.44049247606,913.781121751026
556,d,other,1140.0,0.0,0,0,0.0,7171.0232876712325,832.0342465753424
246,c,other,4660.0,0.0,0,0,0.0,7065.663474692203,938.7400820793433
247,d,other,70.0,26.0,0,1,0.0,8588.68998628258,686.4855967078189
248,a,other,340.0,4.0,0,1,2.25,8390.218878248974,1117.640218878249
249,d,other,18010.0,0.0,0,0,0.0,5273.324213406293,538.2229822161423
250,d,other,3520.0,0.0,1,1,7.75,8418.307270233196,656.7366255144033
210,d,other,970.0,158.0,0,1,0.0,3197.995873452545,327.4731774415406
251,a,other,340.0,0.0,1,0,0.0,19103.133425034386,2454.0275103163685
253,a,other,250.0,0.0,1,1,0.0,5741.143053645117,691.7647867950482
254,d,other,330.0,58.0,0,1,12.0,2988.7180192572214,258.42365887207706
255,c,other,4630.0,22.0,0,1,15.5,6250.73727647868,641.4938101788171
256,a,other,80.0,88.0,0,1,0.0,9933.667127071823,1262.9558011049724
257,a,other,420.0,1.0,0,0,0.0,5354.849521203831,636.0807113543092
258,a,other,27190.0,30.0,0,1,39.0,5613.4,492.19122807017544
252,d,other,22330.0,0.0,1,1,35.0,10605.987620357633,811.7510316368638
245,a,other,1310.0,0.0,1,0,0.0,8838.395061728395,1014.4759945130315
275,d,other,300.0,0.0,0,1,0.0,7493.284210526316,756.0122807017544
244,d,other,710.0,10.0,0,1,12.0,5256.724896836314,541.7689133425034
243,a,other,310.0,0.0,1,1,0.0,7079.732049036777,956.8248686514886
239,d,other,610.0,0.0,1,0,0.0,5041.686382393397,471.3287482806052
238,a,other,320.0,0.0,1,1,37.0,7679.109243697479,1103.9397759103642
237,a,other,1420.0,62.0,0,0,0.0,4519.481532147743,574.0957592339262
236,a,other,1000.0,62.0,0,0,0.0,7087.564979480164,863.5759233926128
235,a,other,5710.0,10.0,0,1,39.0,5957.205761316873,503.5089163237311
234,d,other,4370.0,0.0,1,0,0.0,11071.718019257221,1028.1980742778542
233,a,other,1890.0,0.0,1,0,0.0,9388.300411522634,1030.991769547325
232,c,other,13570.0,32.0,0,1,0.0,3335.719495091164,301.36044880785414
231,d,other,3840.0,51.0,0,1,26.5,4735.094736842106,393.3964912280702
230,d,other,6680.0,0.0,0,0,0.0,7533.393980848154,939.5321477428181
229,d,other,17410.0,69.0,0,1,20.75,8595.913342503438,732.8844566712518
228,d,other,10800.0,0.0,1,1,19.75,7909.343878954608,593.3768913342503
227,a,other,2370.0,0.0,1,0,0.0,5991.878491620112,561.7248603351956
241,d,other,780.0,0.0,1,0,0.0,6566.760660247593,706.3700137551582
226,a,other,450.0,0.0,1,0,0.0,7282.074074074074,705.4074074074074
224,d,other,7930.0,0.0,1,1,0.0,6550.80551724138,475.2358620689655
223,d,other,2920.0,207.0,0,1,17.5,7226.417009602194,739.5336076817558
242,d,other,6880.0,136.0,0,1,20.75,4084.7256515775034,366.0315500685871
225,d,other,10180.0,0.0,0,0,0.0,5176.7009602194785,556.9451303155007
211,a,other,350.0,74.0,0,0,0.0,12898.269493844049,1481.3392612859097
212,a,other,15050.0,52.0,0,0,0.0,4783.175102599179,462.9110807113543
213,d,other,4030.0,0.0,0,1,0.0,8080.92984869326,651.7276478679505
214,d,other,8650.0,0.0,0,1,0.0,9308.850068775791,717.2902338376891
209,a,other,11680.0,16.0,0,1,0.0,5547.4104750304505,574.7076735688186
215,d,other,150.0,0.0,1,1,37.0,6297.472759226714,490.3462214411248
217,c,other,3150.0,0.0,1,0,0.0,4678.056087551299,642.0807113543092
218,a,other,640.0,0.0,1,1,22.0,5028.514035087719,699.5052631578948
219,a,other,1640.0,0.0,0,0,0.0,3128.548830811554,407.28748280605225
220,a,other,1000.0,52.0,0,0,0.0,4909.425414364641,647.7914364640884
221,d,other,13530.0,0.0,0,0,0.0,5787.827633378933,551.2380300957592
222,a,other,2170.0,50.0,0,0,0.0,4969.740082079344,561.4035567715458
216,c,other,190.0,0.0,1,1,37.0,7249.473756906077,892.7237569060774
208,c,other,300.0,81.0,0,0,0.0,2922.859097127223,413.140902872777
207,a,other,6870.0,0.0,1,0,0.0,11160.642954856361,1302.5512995896033
171,a,other,2640.0,0.0,1,0,0.0,8434.742778541953,870.8500687757909
205,a,other,110.0,61.0,0,0,0.0,6531.279069767442,880.9247606019152
204,a,other,5630.0,121.0,0,1,0.0,5454.382456140351,523.9631578947368
203,c,other,490.0,122.0,0,0,0.0,6760.40329218107,882.4293552812071
202,d,other,5140.0,32.0,0,0,0.0,6021.135802469136,506.89300411522635
201,d,other,20260.0,0.0,1,1,0.0,5227.233837689133,443.9133425034388
200,a,other,1650.0,147.0,0,0,0.0,7721.132049518569,970.2751031636864
199,d,other,6360.0,25.0,0,1,8.75,7907.552957359009,622.8404401650619
198,a,other,290.0,124.0,0,1,33.0,2900.6090534979426,338.9670781893004
197,c,other,4210.0,0.0,0,0,0.0,6847.849521203831,845.3803009575923
196,c,other,3850.0,86.0,0,1,20.75,5209.002743484225,698.559670781893
195,a,other,220.0,0.0,1,0,0.0,10697.103163686383,1302.8954607977992
194,d,other,16970.0,0.0,1,1,0.0,4810.657931034482,417.1393103448276
193,a,other,520.0,0.0,1,0,0.0,5360.448275862069,783.311724137931
192,d,other,2770.0,58.0,0,1,0.0,8632.880701754386,623.9245614035087
191,a,other,1100.0,0.0,0,1,0.0,6827.363157894737,713.9157894736842
190,a,other,1470.0,73.0,0,1,0.0,7125.247368421053,651.9614035087719
176,a,other,3770.0,0.0,1,0,0.0,5282.768913342504,634.3576341127923
276,a,other,2960.0,0.0,0,1,0.0,4119.031636863824,524.0632737276479
189,d,other,5760.0,0.0,0,0,0.0,8769.621733149932,839.697386519945
188,d,other,850.0,0.0,1,1,19.75,4942.4167812929845,435.7359009628611
187,a,other,19360.0,0.0,1,0,0.0,6275.395348837209,776.5280437756498
186,a,other,290.0,15.0,0,1,0.0,3756.980701754386,381.059649122807
185,d,other,1860.0,0.0,0,0,0.0,7201.248974008208,548.1586867305061
206,a,other,380.0,0.0,1,1,8.75,7098.1609353507565,798.3136176066025
184,d,other,3560.0,0.0,1,0,0.0,6588.517241379311,597.6993103448276
174,a,other,13090.0,0.0,1,1,6.75,5898.682456140351,477.2438596491228
181,a,other,12610.0,0.0,0,1,20.75,6383.486865148861,670.9404553415061
180,d,other,5800.0,28.0,0,0,0.0,7205.444596443229,845.1915184678522
179,a,other,480.0,0.0,1,0,0.0,7279.37689133425,956.1031636863823
178,d,other,1710.0,0.0,1,0,0.0,10078.588720770289,926.9463548830812
177,a,other,1250.0,107.0,0,1,0.0,4012.757909215956,487.9614855570839
182,d,other,1390.0,0.0,1,1,22.0,5275.545953360768,416.80109739369
240,a,other,1110.0,44.0,0,0,0.0,4800.785225718194,459.3967168262654
175,c,other,4130.0,0.0,1,0,0.0,5752.246238030096,689.8467852257182
139,a,other,1700.0,60.0,0,1,20.75,6446.884210526316,513.5280701754386
170,a,other,1070.0,0.0,0,1,20.75,5067.500687757909,549.6891334250344
169,d,other,980.0,0.0,0,1,0.0,7305.556022408963,698.1736694677871
168,a,other,12540.0,0.0,1,0,0.0,7489.27724137931,729.9241379310345
167,a,other,140.0,57.0,0,0,0.0,9275.279229711141,1055.46492434663
166,a,other,100.0,0.0,0,1,0.0,5831.568088033013,819.5103163686382
165,a,other,3720.0,93.0,0,1,33.0,3999.317543859649,423.47017543859647
164,a,other,1160.0,88.0,0,1,33.0,6157.274956217163,631.908931698774
163,a,other,1480.0,45.0,0,0,0.0,7339.540355677154,875.4145006839946
162,d,other,5340.0,10.0,0,1,33.0,7744.21536351166,555.1865569272977
161,a,other,2970.0,94.0,0,0,0.0,7233.061898211829,820.404401650619
160,d,other,17110.0,86.0,0,0,0.0,5729.207133058985,559.7421124828533
159,d,other,8530.0,0.0,0,0,0.0,7730.103327495622,696.1891418563923
158,d,other,11840.0,0.0,1,1,40.5,8129.4167812929845,520.3823933975241
157,a,other,2950.0,99.0,0,0,0.0,9689.784044016506,991.6822558459422
156,a,other,2020.0,23.0,0,1,20.75,6968.696844993141,714.6378600823045
155,d,other,3050.0,0.0,1,1,27.5,6887.784588441331,661.1120840630473
141,c,other,1540.0,0.0,1,1,6.75,5530.950344827586,610.9944827586207
148,a,other,2090.0,49.0,0,0,0.0,8609.422708618331,819.500683994528
154,d,other,16420.0,0.0,1,0,0.0,8698.28806584362,736.3552812071331
153,a,other,16240.0,147.0,0,1,19.75,7112.753782668501,638.8707015130674
152,a,other,1780.0,0.0,1,0,0.0,5534.25447042641,622.9669876203576
151,d,other,4360.0,87.0,0,0,0.0,6718.612104539202,650.3397524071527
150,c,other,31830.0,34.0,0,0,0.0,8385.979480164158,820.3050615595075
173,a,other,350.0,1.0,0,0,0.0,8231.683994528044,1009.593707250342
149,d,other,2610.0,78.0,0,1,20.75,5551.596491228071,484.87894736842105
172,a,other,110.0,0.0,1,1,0.0,6971.9315789473685,870.2666666666667
146,d,other,8050.0,615.0,0,1,0.25,7765.533700137552,701.6286107290234
145,a,other,280.0,0.0,1,1,37.0,8379.350719424461,1281.3561151079136
144,a,other,16570.0,0.0,1,0,0.0,7721.820244328098,729.328097731239
143,d,other,2930.0,121.0,0,0,0.0,6299.04401650619,582.2118294360386
142,a,other,1090.0,126.0,0,0,0.0,4612.723521320495,571.4883081155433
147,d,other,8540.0,0.0,1,0,0.0,8199.931224209078,883.1059147180192
140,a,other,1090.0,30.0,0,1,0.0,7451.80109739369,963.2277091906722
183,a,other,9670.0,0.0,1,0,0.0,4666.880910683012,592.6234676007006
277,d,other,7840.0,0.0,1,1,40.5,6455.382456140351,536.3701754385964
134,a,other,1200.0,52.0,0,0,0.0,4730.938440492476,495.2517099863201
133,a,other,270.0,0.0,0,1,0.0,6501.14951989026,765.6748971193416
132,d,other,1040.0,0.0,1,1,5.5,6162.987719298246,575.680701754386
131,c,other,920.0,0.0,0,0,0.0,5275.662998624484,560.5460797799175
130,c,other,900.0,0.0,1,1,33.0,5105.973936899863,574.0082304526749
129,a,other,2460.0,0.0,1,1,20.75,9250.857894736842,1170.0298245614035
128,d,other,2000.0,0.0,1,1,0.0,7368.851851851852,589.8943758573388
127,d,other,1350.0,85.0,0,1,33.0,5212.460595446585,659.246935201401
126,d,other,3370.0,0.0,0,1,19.75,6573.840440165062,546.8995873452544
125,a,other,760.0,85.0,0,0,0.0,11811.29411764706,1575.1915184678523
124,a,other,1410.0,117.0,0,0,0.0,4408.25447042641,525.1513067400275
123,a,other,16760.0,16.0,0,0,0.0,8405.272727272728,960.7692307692307
122,a,other,58260.0,0.0,0,0,0.0,6359.116504854369,782.4915048543689
121,a,other,3570.0,38.0,0,1,0.0,4466.041265474553,507.312242090784
136,a,other,2200.0,25.0,0,1,6.75,5466.019298245614,423.76140350877193
120,d,other,2290.0,0.0,0,1,39.0,7088.755829903978,637.7722908093278
107,a,other,1930.0,40.0,0,0,0.0,7308.0,954.5745554035568
108,d,other,2190.0,112.0,0,0,0.0,10893.098245614035,843.7912280701754
109,a,other,3300.0,26.0,0,0,0.0,6448.919288645691,742.5896032831737
110,a,other,46590.0,0.0,0,0,0.0,4523.376196990424,586.7551299589603
111,d,other,7890.0,0.0,1,1,39.0,6753.279835390947,598.5418381344307
70,c,other,4840.0,0.0,1,0,0.0,6588.990424076607,680.6196990424077
112,a,other,1630.0,40.0,0,0,0.0,6214.679890560876,777.3679890560876
114,c,other,4510.0,0.0,1,1,12.25,5351.466484268126,611.2886456908345
115,d,other,5740.0,69.0,0,1,0.0,7293.470175438597,549.1789473684211
116,a,other,680.0,0.0,0,0,0.0,7298.045205479452,759.9602739726027
117,a,other,3450.0,16.0,0,0,0.0,3888.742778541953,494.2118294360385
118,d,other,3580.0,4.0,0,0,0.0,7729.384087791495,673.5953360768176
119,a,other,2100.0,35.0,0,0,0.0,6002.067031463748,666.2325581395348
113,d,other,20930.0,158.0,0,0,0.0,7315.524561403508,708.5421052631579
106,a,other,1390.0,0.0,0,0,0.0,8640.253462603878,825.4196675900278
105,a,other,6190.0,0.0,1,1,0.0,4384.901709401709,510.6951566951567
104,a,other,390.0,43.0,0,0,0.0,10093.675786593707,1311.9781121751025
102,a,other,150.0,61.0,0,1,0.0,7048.407510431154,1053.191933240612
138,a,other,25360.0,0.0,0,0,0.0,7295.895460797799,713.6134800550207
99,c,other,2030.0,110.0,0,1,6.75,5070.512280701754,462.7526315789474
98,d,other,15140.0,73.0,0,1,12.0,5063.828060522696,449.9917469050894
97,d,other,8980.0,0.0,1,0,0.0,6678.199449793673,689.828060522696
96,a,other,8780.0,95.0,0,1,39.0,5159.718019257221,543.0674002751032
95,a,other,1890.0,0.0,0,0,0.0,7680.559834938102,848.6657496561211
94,d,other,14620.0,0.0,1,0,0.0,7084.195323246217,639.5460797799175
93,a,other,16690.0,0.0,1,1,20.75,5957.50894085282,605.264099037139
92,c,other,240.0,0.0,1,1,37.0,5957.176066024759,546.3837689133425
91,c,other,2410.0,0.0,1,1,15.5,5618.097796143251,624.6432506887053
90,a,other,330.0,62.0,0,0,0.0,8402.69696969697,1058.9944903581268
89,a,other,2380.0,102.0,0,1,0.0,5945.314035087719,624.1894736842105
88,a,other,10690.0,87.0,0,0,0.0,6002.78129298487,613.1045392022008
87,a,other,560.0,25.0,0,0,0.0,5854.523939808481,736.6730506155951
101,d,other,2440.0,0.0,1,1,6.75,7447.5731874145,778.6621067031464
86,a,other,480.0,95.0,0,1,0.0,4700.312672176308,607.8939393939394
84,a,other,11810.0,0.0,0,0,0.0,12906.478679504815,1395.4539202200826
71,a,other,17500.0,53.0,0,1,39.0,9058.90371389271,748.697386519945
72,a,other,2200.0,37.0,0,1,33.0,4401.973730297724,474.98248686514887
73,a,other,1650.0,52.0,0,0,0.0,4570.076607387141,495.5677154582763
74,a,other,330.0,0.0,1,0,0.0,6266.342541436464,857.5276243093923
75,d,other,22440.0,0.0,0,0,0.0,5997.543091655267,640.9138166894664
69,c,other,1130.0,0.0,1,1,14.25,9433.518518518518,1184.3251028806585
76,d,other,19960.0,82.0,0,0,0.0,8965.887915936954,927.9947460595447
78,a,other,3510.0,74.0,0,1,0.0,3713.220082530949,496.5942228335626
79,a,other,3320.0,0.0,1,0,0.0,5449.213793103449,559.2689655172413
80,d,other,7910.0,0.0,1,0,0.0,7568.678129298487,575.6891334250344
81,a,other,2370.0,22.0,0,1,0.0,6932.808771929825,560.040350877193
82,a,other,22390.0,57.0,0,1,39.0,8989.471801925722,838.4057771664374
83,a,other,2710.0,0.0,1,0,0.0,3888.5240715268224,346.8404401650619
77,d,other,1090.0,41.0,0,1,0.0,7586.241426611797,663.2620027434842
68,a,other,250.0,0.0,1,1,3.5,7529.804377564979,1151.2448700410396
135,d,other,5190.0,0.0,1,1,0.0,5922.742112482853,538.8683127572017
31,d,other,9800.0,6.0,0,0,0.0,5868.00683994528,588.6990424076607
65,a,other,13840.0,32.0,0,1,12.0,5105.751031636863,456.30811554332877
64,d,other,22560.0,0.0,1,1,0.0,10269.94635488308,790.5281980742778
63,c,other,3700.0,31.0,0,1,31.75,6915.158686730506,638.4801641586868
62,a,other,2050.0,0.0,1,0,0.0,6490.002751031637,718.4181568088032
61,a,other,350.0,61.0,0,1,12.0,4669.143448275862,568.8524137931034
60,d,other,5540.0,39.0,0,0,0.0,7956.6052269601105,710.8858321870702
59,a,other,2840.0,67.0,0,1,20.75,5502.728395061728,565.9574759945131
58,a,other,7340.0,56.0,0,1,5.5,6249.879159369527,510.31873905429075
57,d,other,420.0,0.0,0,0,0.0,10710.8410041841,999.39470013947
56,d,other,6620.0,10.0,0,1,0.0,7239.3072702331965,502.4101508916324
55,a,other,720.0,98.0,0,0,0.0,4558.233837689133,556.4071526822559
54,d,other,7170.0,0.0,0,1,0.0,7909.101092896175,734.6584699453551
53,a,other,30360.0,0.0,0,0,0.0,5252.823529411765,567.1792065663475
52,d,other,450.0,0.0,0,1,26.5,7466.973684210527,509.2473684210526
51,a,other,10570.0,0.0,0,1,22.0,6613.721052631579,495.39122807017543
50,d,other,6260.0,38.0,0,0,0.0,4225.665749656121,357.37414030261345
36,a,other,540.0,115.0,0,1,0.0,9298.728070175439,1089.601754385965
43,d,other,4880.0,0.0,1,1,39.0,6840.103163686383,612.716643741403
49,d,other,18010.0,64.0,0,0,0.0,7261.564137931035,529.9503448275862
67,a,other,410.0,83.0,0,0,0.0,7789.986206896552,798.0441379310345
47,a,other,270.0,0.0,0,1,0.0,7125.963064295485,921.8139534883721
46,c,other,1200.0,88.0,0,1,20.75,5347.7350877192985,662.3298245614035
45,d,other,9710.0,0.0,0,0,0.0,5335.814305364512,415.4566712517194
66,d,other,7660.0,0.0,1,1,39.0,6093.427586206896,523.7351724137931
44,a,other,540.0,19.0,0,0,0.0,5489.919288645691,643.1778385772914
34,c,other,2240.0,40.0,0,0,0.0,7999.625170998632,993.6607387140903
41,d,other,1180.0,0.0,1,1,0.0,5284.271929824561,394.8982456140351
40,a,other,180.0,0.0,1,1,37.0,4937.269337016574,670.0524861878453
39,a,other,260.0,75.0,0,1,0.0,4855.409903713893,632.3081155433288
38,d,other,1090.0,69.0,0,0,0.0,5979.337001375516,535.3988995873452
37,c,other,4230.0,0.0,0,0,0.0,7141.2833562585965,786.7510316368638
42,a,other,290.0,0.0,1,1,14.25,10156.887207702888,1101.9532324621732
35,d,other,7660.0,147.0,0,1,12.0,9569.98211829436,726.2585969738652
48,a,other,1060.0,8.0,0,0,0.0,3966.718194254446,433.8262653898769
137,a,other,1730.0,0.0,0,1,0.0,8274.60701754386,957.2070175438596
33,a,other,1320.0,0.0,0,0,0.0,8444.283356258597,840.1485557083906
29,d,other,2170.0,0.0,1,0,0.0,7298.485557083906,651.1485557083906
27,a,other,60.0,96.0,0,1,23.0,9447.723521320495,1077.471801925722
26,d,other,2300.0,0.0,1,0,0.0,6651.290809327847,556.1454046639232
25,c,other,430.0,117.0,0,0,0.0,11170.172857142858,1576.1442857142856
24,a,other,4590.0,154.0,0,1,14.25,9336.06189821183,835.5543328748281
23,d,other,4060.0,89.0,0,0,0.0,5509.691884456672,482.58046767537826
22,a,other,1040.0,0.0,1,1,6.75,4487.426807760141,503.66137566137564
21,c,other,550.0,159.0,0,1,37.0,5453.030344827586,517.856551724138
20,d,other,2340.0,44.0,0,1,0.0,7680.649029982364,844.3615520282187
19,a,other,3240.0,0.0,1,1,18.75,6432.337001375516,624.7592847317744
18,d,other,13840.0,31.0,0,1,8.75,6521.013717421125,712.6268861454047
17,a,other,50.0,85.0,0,1,29.75,6345.534979423868,794.1358024691358
16,a,other,3270.0,0.0,1,0,0.0,7639.718620689655,850.8868965517241
15,d,other,4110.0,34.0,0,1,20.75,6654.03146374829,663.4856361149111
28,a,other,1200.0,0.0,0,1,0.0,5332.300835654596,586.566852367688
2,a,other,570.0,62.0,0,1,33.0,4948.417236662107,582.9835841313269
1,c,other,1270.0,52.0,0,0,0.0,4781.3127572016465,567.8902606310014
8,a,other,7520.0,0.0,0,0,0.0,5470.659370725034,653.3105335157319
14,a,other,1300.0,0.0,0,1,14.25,5505.039889958734,632.624484181568
13,d,other,310.0,0.0,1,1,37.0,5013.451669595782,384.96133567662565
12,a,other,1070.0,0.0,1,1,33.0,7574.11901504788,896.6155950752394
10,a,other,3160.0,40.0,0,0,0.0,5535.503419972641,593.1149110807114
9,a,other,2030.0,149.0,0,0,0.0,6485.099037138927,575.8143053645117
11,a,other,960.0,14.0,0,1,12.0,8072.477428180575,1136.6032831737346
7,a,other,24000.0,0.0,0,0,0.0,8751.49795361528,944.0477489768076
32,a,other,2910.0,0.0,1,1,37.0,4040.330404217926,475.933216168717
6,a,other,310.0,0.0,0,0,0.0,5573.053645116919,643.2984869325998
5,a,other,29910.0,0.0,0,0,0.0,4675.739669421488,538.0371900826447
4,c,other,620.0,40.0,0,0,0.0,9618.23392612859,1324.8194254445964
3,a,other,14130.0,73.0,0,1,20.75,6925.458046767538,752.0481430536452
30,a,other,40.0,0.0,0,1,0.0,5376.975172413793,789.9889655172414
762,d,other,1280.0,0.0,1,1,0.0,3850.997187060478,387.2981715893108
349,c,other,1490.0,48.0,0,0,0.0,8111.191653786708,827.8639876352396
1081,b,other,400.0,88.0,0,0,0.0,5858.846264367816,929.1235632183908
103,d,other,5210.0,0.0,0,0,0.0,4681.3702422145325,421.48096885813146
